coin,URL,count
bitcoin,http://privex3guvvasyer6pxz2fqcgy56auvw5egkir6ykwpptferdcb5toad.onion/,1
monero,http://privex3guvvasyer6pxz2fqcgy56auvw5egkir6ykwpptferdcb5toad.onion/,2
litecoin,http://privex3guvvasyer6pxz2fqcgy56auvw5egkir6ykwpptferdcb5toad.onion/,1
bitcoin,http://4dtwo7g4yjqtiu7sta7icchm3f2aomvfv62xrgn6jc42lm43ut4aydqd.onion/about/,1
bitcoin,http://uhqqhaq4keya7deng26ejmwdbty4brod4zj4nrydtteaw4yhroeeeqad.onion/,2
ethereum,http://uhqqhaq4keya7deng26ejmwdbty4brod4zj4nrydtteaw4yhroeeeqad.onion/,7
bitcoin,http://2a2a2abbjsjcjwfuozip6idfxsxyowoi3ajqyehqzfqyxezhacur7oyd.onion/shop/counterfeits/pre-shredded-25-000-usd-cash-queens-cash/,25
bitcoin,http://2a2a2abbjsjcjwfuozip6idfxsxyowoi3ajqyehqzfqyxezhacur7oyd.onion/?product_cat=counterfeits,41
bitcoin,http://dptvdzlv5ioyywhan642uppc5c4sa6dxbtm6stj4lai5tmdzkngs5oad.onion/,7
bitcoin,http://catalogxlotjjnu6vyevngf675vu6beefzxw6gd6a3fwgmgznksrqmqd.onion/wikis.html,1
bitcoin,http://22tojepqmpah32fkeuurutki7o5bmb45uhmgzdg4l2tk34fkdafgt7id.onion/,33
monero,http://22tojepqmpah32fkeuurutki7o5bmb45uhmgzdg4l2tk34fkdafgt7id.onion/,1
ethereum,http://22tojepqmpah32fkeuurutki7o5bmb45uhmgzdg4l2tk34fkdafgt7id.onion/,2
bitcoin,http://qidpoasheucappicqxqtrihclpwb7hn5m73mw4fovc5vvgyvp7vtwcqd.onion/,2
bitcoin,http://generzwnpm2av5fpctcqie6xdqpo7c2wflvxo2ngvim3wnwe5evg3cqd.onion/,1
bitcoin,http://uquroyobsaquslaunwkz6bmc3wutpzvwe7mv62xeq64645a57bugnsyd.onion,4
bitcoin,http://imperia6onwprqllkdc33zbws2rnn6qxohylq7xbqfl5yuvd2ofc6yid.onion/,4
bitcoin,http://hbkxrww7iiwtr6j3mvxhchaz42fkt3dq7g3aa44ip25pc62s3rh5uvad.onion,1
bitcoin,http://5n4qdkw2wavc55peppyrelmb2rgsx7ohcb2tkxhub2gyfurxulfyd3id.onion/,1
bitcoin,http://iyptqjjxwrinw2wxheags6cknm3ix5nhc222xdab2dtimym4huqmyaqd.onion/,22
monero,http://iyptqjjxwrinw2wxheags6cknm3ix5nhc222xdab2dtimym4huqmyaqd.onion/,3
bitcoin,http://deep2v63hwfsupagnmzxyal6jxhtcxdennvcsekkji7qqic4jmjcj3yd.onion/,4
bitcoin,http://fjg2ej7wepe4xp7yp343q76y2pzzh5vxrhptdk5rdoi5q3y4cez7glyd.onion/,5
bitcoin,http://torbei4xgybpkdgbsjuq7js64afj5ifqjdd5bbzntqai3xopzv2qptyd.onion/,3
bitcoin,http://uiwukoycteiwue5ahmi7bex4hvsc2e4yudlrfatucoozf5gp3p6vreyd.onion,1
bitcoin,http://hgzqgqunlejgxruvcthlpk3pywgkci3kkubhnvlv2rgveusz3n6qarad.onion,3
bitcoin,http://dioxkc3vegmpty7x3kiuuhk4yh6zn6ruonsuj6sqke464mggl3tp7wyd.onion,9
bitcoin,http://24dwni3zqe5x4alosa3vzippfog5nupoozurlagh4xqywnbd5fr3ebyd.onion/,10
bitcoin,http://sau4nxmvfjxjr2ci4xvrt777dat7trkuna3yvft5374ps7nijx623yyd.onion,14
bitcoin,http://cct5wy6mzgmft24xzw6zeaf55aaqmo6324gjlsghdhbiw5gdaaf4pkad.onion/,1
monero,http://cct5wy6mzgmft24xzw6zeaf55aaqmo6324gjlsghdhbiw5gdaaf4pkad.onion/,1
ethereum,http://cct5wy6mzgmft24xzw6zeaf55aaqmo6324gjlsghdhbiw5gdaaf4pkad.onion/,1
bitcoin,http://catalogxlotjjnu6vyevngf675vu6beefzxw6gd6a3fwgmgznksrqmqd.onion/news.html,1
bitcoin,http://2tppkhyhxqeepmtcigbb64zj3rbzkupczox5dfheuu4wdljzggxuiiad.onion,1
bitcoin,http://g3rzig6perhzmqepfx7zneaqmwjvmnvw53cxcgl7jjl7sp5gdbd5tlyd.onion,2
bitcoin,http://tomjejezyhisqf4cqzhtjoqtwdf7slb46eprudl4dyt2gmbpvsqmzkyd.onion,3
bitcoin,http://coqecsrd2gscgzs4ccc6weu7foawgcx5f4nllbmipgcw63n5eunfvvid.onion/,1
bitcoin,http://5n4qdkw2wavc55peppyrelmb2rgsx7ohcb2tkxhub2gyfurxulfyd3id.onion,1
bitcoin,http://h32ifdjro27sfrf5hdykdzf6xfpdvzco7uccfpbv2gfqvlbx7dlrpryd.onion/,1
bitcoin,http://xyenyedbtcw5xvrxbixbx3hkrgz4q2creek3s5fiorgc7w2pi5552iad.onion,2
bitcoin,http://salecl36zy7kdxaz42tvnfo5g3kdvmncdgdbw3ov3yr7cwooy6qzuhqd.onion/,3
bitcoin,http://puyr3jb76flvqemhkllg5bttt2dmiaexs3ggmfpyewc44vt5265uuaad.onion/,50
ethereum,http://puyr3jb76flvqemhkllg5bttt2dmiaexs3ggmfpyewc44vt5265uuaad.onion/,15
litecoin,http://puyr3jb76flvqemhkllg5bttt2dmiaexs3ggmfpyewc44vt5265uuaad.onion/,17
ethereum,http://422ekdpplueem67fhz6liwko6fskspankd3wthpw5qvzmqtxjtxqqpad.onion/,2
bitcoin,http://onionlloj5fjczwuq3ux3dgorihvkietpbf3hdnxrymijjgzyk2ebtqd.onion/,1
bitcoin,http://pae34lqbhw7xcz5folw7mjvjraf7it6mpbrw7strmqobrfxjwi2mxnyd.onion,3
bitcoin,http://duijvkpakr7che2zcshmflcv745nlqp24vp4pqmt3wqkt5yolx4rn4ad.onion,1
monero,http://duijvkpakr7che2zcshmflcv745nlqp24vp4pqmt3wqkt5yolx4rn4ad.onion,1
ethereum,http://duijvkpakr7che2zcshmflcv745nlqp24vp4pqmt3wqkt5yolx4rn4ad.onion,2
bitcoin,http://tape6m4x7swc7lwx2n2wtyccu4lt2qyahgwinx563gqfzeedn5nb4gid.onion/,6
ethereum,http://tape6m4x7swc7lwx2n2wtyccu4lt2qyahgwinx563gqfzeedn5nb4gid.onion/,1
bitcoin,http://megalzwink435kangsseahebpbp3teedi4jjt64ne2g6d3oqy3qlweid.onion/,12
bitcoin,http://monerotoruzizulg5ttgat2emf4d6fbmiea25detrmmy7erypseyteyd.onion,1
monero,http://monerotoruzizulg5ttgat2emf4d6fbmiea25detrmmy7erypseyteyd.onion,33
bitcoin,http://4aungu4fqbjuxwjpmsrfcmlkxk6i6hvxmh5pwqz32x5qolq2koutkhad.onion,1
ethereum,http://5l4azvzhtzzxybvrotdmdh6q2ot47sdncz4uynexwhey2apaxz7abkid.onion,4
bitcoin,http://deeyb4ewqghsujbqokcimlfs6646fcmf3yjiw4qv4qzhpirh26q2wcyd.onion,8
bitcoin,http://4eoz4pemry55ioyns744kdvrqgmterzy5xlrairziuuxrjbmdipcyyad.onion/Recommend&Trust,1
monero,http://4eoz4pemry55ioyns744kdvrqgmterzy5xlrairziuuxrjbmdipcyyad.onion/Recommend&Trust,1
bitcoin,http://l7vh56hxm3t4tzy75nxzducszppgi45fyx2wy6chujxb2rhy7o5r62ad.onion/,1
ethereum,http://l7vh56hxm3t4tzy75nxzducszppgi45fyx2wy6chujxb2rhy7o5r62ad.onion/,1
litecoin,http://l7vh56hxm3t4tzy75nxzducszppgi45fyx2wy6chujxb2rhy7o5r62ad.onion/,1
bitcoin,http://torliwgfgbm25vy2zyodv6qci7monx4cz7dq4viia4eq4swkxmwckead.onion/,7
ethereum,http://torliwgfgbm25vy2zyodv6qci7monx4cz7dq4viia4eq4swkxmwckead.onion/,1
ethereum,http://suomidrm4jxoggzwe4ibav6e74xlx2qoriq33vyqe2gk2gaibngw3uyd.onion/?/ukko/,1
bitcoin,http://p23gulsmmneshdxabrbt3j2enmf2h4suynuujimjqjlklo4pprx6flid.onion,2
bitcoin,http://qdoengfklui3263cymghxqiihxfmmjggzjicqqy5gcc72tai2xtengqd.onion/,1
bitcoin,http://conzz3bcygnhzocckbwyfcu4hr4nt653y6ybtq5uujqx3k57gl54seid.onion/,1
bitcoin,http://tordoge35c5krfwoghekqpe6zlbdgfafn5byppmgnthktzmtk4rjahqd.onion,23
monero,http://tordoge35c5krfwoghekqpe6zlbdgfafn5byppmgnthktzmtk4rjahqd.onion,1
ethereum,http://tordoge35c5krfwoghekqpe6zlbdgfafn5byppmgnthktzmtk4rjahqd.onion,2
zcash,http://tordoge35c5krfwoghekqpe6zlbdgfafn5byppmgnthktzmtk4rjahqd.onion,1
bitcoin,http://escroww42nwgs2b5rban2hzpqnf2qytvtuwd34xqgbrv2mywtp4nqyqd.onion/,7
bitcoin,http://rio2lisjaf4g6uazrawpm3qm7aojkga5t7apuvifj2m3l5qwdivaaxid.onion,14
bitcoin,http://tomjejezyhisqf4cqzhtjoqtwdf7slb46eprudl4dyt2gmbpvsqmzkyd.onion/,3
bitcoin,http://zqktlwiawxckqmthzpumhmizxwtf6hd7btimcul2bvpgp5mglbvs7yad.onion/wiki/index.php/Main_Page,17
monero,http://zqktlwiawxckqmthzpumhmizxwtf6hd7btimcul2bvpgp5mglbvs7yad.onion/wiki/index.php/Main_Page,6
bitcoin,http://catalogxlotjjnu6vyevngf675vu6beefzxw6gd6a3fwgmgznksrqmqd.onion/popular.html,1
bitcoin,http://duckwm3krjkdpb7wbkgbra5bu7ilwr2wj5zjp6pym7clfprumwdluhid.onion,4
bitcoin,http://paullzqj3ntil7vyar3gxeks7bz5haiteeehz5vdk5fadvtto7q7liid.onion,8
monero,http://paullzqj3ntil7vyar3gxeks7bz5haiteeehz5vdk5fadvtto7q7liid.onion,1
bitcoin,http://bepig5bcjdhtlwpgeh3w42hffftcqmg7b77vzu7ponty52kiey5ec4ad.onion/,3
bitcoin,http://catalogxlotjjnu6vyevngf675vu6beefzxw6gd6a3fwgmgznksrqmqd.onion/ebooks.html,1
bitcoin,http://findtorroveq5wdnipkaojfpqulxnkhblymc7aramjzajcvpptd4rjqd.onion/campaign,1
bitcoin,http://tj5xzgekfc4d4sxskzb2vpk66cvdnrigdygrcss3m7zr6hp75ij72pqd.onion/,2
bitcoin,http://wfhk7qy6ycihylvls7xrmlyp3elin3k6ezyee4ovp3oj2wudrhmhgwid.onion,9
bitcoin,http://btcdwn2djnupcpwasjinxzpe5mzq4ksfv2cwhuzfbno3j3hfok3v46id.onion,5
ethereum,http://h5jauggmexwnkvyh5yrususcmfposo4e7xo5d62ywcupk66dayer35qd.onion,2
bitcoin,http://puyr3jb76flvqemhkllg5bttt2dmiaexs3ggmfpyewc44vt5265uuaad.onion,50
ethereum,http://puyr3jb76flvqemhkllg5bttt2dmiaexs3ggmfpyewc44vt5265uuaad.onion,15
litecoin,http://puyr3jb76flvqemhkllg5bttt2dmiaexs3ggmfpyewc44vt5265uuaad.onion,17
bitcoin,http://t3g5mz7kgivhgzua64vxmu7ieyyoyzgd423itqjortjhh64lcvspyayd.onion/,9
bitcoin,http://megalpb3g3rjsm2c4eftd3zhttf7cbju3ebcfjmz7clgj2uz2p47asyd.onion/,1
bitcoin,http://trustxiwvb33kaouqn54fpaibvpin4s5pa3z3pkb5y3gqdf2fiplmjqd.onion/,8
bitcoin,http://darkcittggmuwo7iuvciis3kh367cxehzzsr773zqhacjq3tdp4w3hid.onion,1
monero,http://bumz4sduzxzlobbgzy5fiufdflg3mo2jyecdwdx5rphrqldms7wlmiid.onion/,20
bitcoin,http://hybl2bkou7hlqzhrmhdrbmzd7olm6ovou5fq4t26yejy4a67vail5ayd.onion,31
bitcoin,http://gaqi5rzneunj2xbamznkflu73xvsncaidq6glqi3vfltek7crvfoc6yd.onion/,1
bitcoin,http://hackedabm6ejvmh7xiiqdq3ptflorhdvjurhheqbovlu64xi3zbrlpad.onion/,4
bitcoin,http://mooooon7tbqhcvqtgiewaxipc6irncnsb6mmfmj5o4o3r3hijc2jgaad.onion/,2
monero,http://mooooon7tbqhcvqtgiewaxipc6irncnsb6mmfmj5o4o3r3hijc2jgaad.onion/,1
bitcoin,http://kp6ewvhvc3mkimzlr43is6fy4voa7r6rdyta5kyb7nr4rgfkrombopqd.onion/,1
bitcoin,http://as2ugignktvzssznrsr2xi54kfhi4edxsj2kkqwlvn7tbaxci5xqxfyd.onion/,11
bitcoin,http://2222asi7crk3yh5dbanvul4uldpktisa637rznipn3g5qodyzqz5urqd.onion,14
bitcoin,http://a744bceasgyfm6yn23o5rbtbubbekrnqz7bxawgtfxdgmighmpevxnad.onion,19
bitcoin,http://bxp6oh6lpmj3dzxwr5wjeezr5xlsm4cum5mbuzv3diw2ykpzqutmlcad.onion/,4
ethereum,http://bxp6oh6lpmj3dzxwr5wjeezr5xlsm4cum5mbuzv3diw2ykpzqutmlcad.onion/,6
bitcoin,http://jgdsqli2cbxgx5kwyafp5hsotikgnxbvzczx3czk3vnkpyya7hhgfpad.onion/,3
bitcoin,http://wvqwxc2pv54vodexdspx45nto5brtuomdibcdc5xk22kjnjjseov6kid.onion,18
bitcoin,http://2ezyu2ao5db5bf3pm36kimn5b347nsz5fonfeusaromcnek425dulwid.onion,1
bitcoin,http://bgypxw5eofvg2to4i2gsxb5dbnj6e6cisab47i2dhdvlevkd7crcaeqd.onion/,4
bitcoin,http://catalogxlotjjnu6vyevngf675vu6beefzxw6gd6a3fwgmgznksrqmqd.onion/gambling.html,5
bitcoin,http://t2cbxr7quu4kamcmuh66k5hxgsnreidp5gkts7zfosbdaqwrjetl2xqd.onion,2
bitcoin,http://deeeepv4bfndyatwkdzeciebqcwwlvgqa6mofdtsvwpon4elfut7lfqd.onion,6
bitcoin,http://cardinjwxzuuxaog4byyuptwbmgrlta5qsa2z4frqutpxkgyt2wcegqd.onion/,3
bitcoin,http://g4eyyhx62lmueffp3au7xpsl5ob3ggegf5eidsfuiyiimy7fpdkwr4ad.onion,2
bitcoin,http://twcd7fo4eepxznx7vajl5njkfpkz3g3z6qhynffcy3hb6n42dov2omid.onion/,1
bitcoin,http://opn3xlcpfuepdfncrs7hwtgwvbor5j2jjimibxdg5mizhuljwmk2hvqd.onion/,4
bitcoin,http://7tjbnspy7cauhm5elwvtcgdtchl44hpea6gxvfqjmgv5p6vnjwdt36yd.onion,14
bitcoin,http://blenderjkul472odyrnpmnirqgpzd3kms54jrrfycledrvvfbyj3wnqd.onion/,11
bitcoin,http://ydgzsayucl7gkfhkgs65htb7bkjiaq3sudy5npmmnypd67ulafmok3ad.onion/,2
bitcoin,http://52rrmev2uajxmmegzrtx2k3pbeqyhr7wagtluuinsdnlpkvqgwfv7qyd.onion/,1
bitcoin,http://wchbve3p6yt5y6j7nk6myqehtvlrpzp3crhudue2mvrpm2svoxokbqid.onion,3
bitcoin,http://bd7uqvma4x3qfzwpa6pkrgdvtthd5hd2j4qdcvhb2fmpwuen5tdnrmqd.onion/,19
bitcoin,http://torwin5lcn2um3brjftk7mm5gqeqtkocgevezejz6xxqyyk7xmcqndid.onion/index.php/Main_Page,7
monero,http://torwin5lcn2um3brjftk7mm5gqeqtkocgevezejz6xxqyyk7xmcqndid.onion/index.php/Main_Page,3
ethereum,http://scaa6fzk2n2rj5gxtv3p5nmbfhvu6wscj4vysw7hz3pycawsekdimhyd.onion/,16
bitcoin,http://srcdemonm74icqjvejew6fprssuolyoc2usjdwflevbdpqoetw4x3ead.onion/,1
bitcoin,http://shop6bpuax4uk53slpyt56bhl43f2cefpcejwyrbtvcfugujldt3eyqd.onion/,5
bitcoin,http://jlntkrzfpytzz6mpiuwgc2koqd23fn2hvgyvfcnrggbxjrm5juv2l6qd.onion/public/technolocos,1
bitcoin,http://ypsipsl3tzn3gqlhx7gsniyqkv526iyxyld4isfimdvhdm57pjrudqqd.onion,6
bitcoin,http://exbit3ea32ls7rp724uro6s4ncoxnyjpbljodwjnwj7vqxxaew3ejrad.onion/,14
bitcoin,http://ojmaexxfi2d4xqp3aiubvftexo7lwwakb4sfkchlcgkguwasufmbstad.onion/,16
bitcoin,http://fqxgmtgcdxcl6h2wsguuunexqdvafn47otxvlv4ossr7scfwlzfnkdqd.onion,7
bitcoin,http://btcsellmukomcierxvhj42jqxooow6rmcj2kie2evlwfsemgxxrxufad.onion,1
bitcoin,http://catalogxlotjjnu6vyevngf675vu6beefzxw6gd6a3fwgmgznksrqmqd.onion/faq.html,2
bitcoin,http://dnhuboxyxgbhmnozl5j4wntoon56x423iteusfmbqwsdwl26gnqqy6id.onion,2
monero,http://dnhuboxyxgbhmnozl5j4wntoon56x423iteusfmbqwsdwl26gnqqy6id.onion,1
litecoin,http://dnhuboxyxgbhmnozl5j4wntoon56x423iteusfmbqwsdwl26gnqqy6id.onion,1
bitcoin,http://3wewrluphomhyrszg7hvgczrykjdmiiw33tloont2nlfxwiykeo7oaqd.onion,2
bitcoin,http://catalogxlotjjnu6vyevngf675vu6beefzxw6gd6a3fwgmgznksrqmqd.onion/add-link.html,1
bitcoin,http://bd7uqvma4x3qfzwpa6pkrgdvtthd5hd2j4qdcvhb2fmpwuen5tdnrmqd.onion/faq/,20
bitcoin,http://bmuxjcjfkum4i7of4rer75bkuepgvo2xqhnxfbv4lmfqxrstfka4ohqd.onion/,1
bitcoin,http://z27wmjswte2mic5n2xvwexbzirxjgbhelx2ut6nynv3gmknzzc454lad.onion,22
ethereum,http://z27wmjswte2mic5n2xvwexbzirxjgbhelx2ut6nynv3gmknzzc454lad.onion,4
litecoin,http://z27wmjswte2mic5n2xvwexbzirxjgbhelx2ut6nynv3gmknzzc454lad.onion,4
bitcoin,http://4f56dbv33j4meld3s5tnuzu5sapjzc2a5mmn2rwpgzsiwum6kvn7kcad.onion,55
bitcoin,http://6h6map4z5j2e7xxbokjzcav6susjpcmc32v72k2bki2wzwhqjxd5l2qd.onion/,4
bitcoin,http://btcwxfgeyhsb4ng6p7dhz65todetcvp66nohcgw4spwjsaibocw4duad.onion,34
monero,http://btcwxfgeyhsb4ng6p7dhz65todetcvp66nohcgw4spwjsaibocw4duad.onion,1
bitcoin,http://l3uj223mi56utherkykiqorzzvjwejkr3imu4ym34bxgig2u3liudiad.onion,1
bitcoin,http://z4odvem6bfypjqmwhsgtdaqtkkwgbxhe63dzq2lpnrmnmb6bgoafirad.onion/,4
bitcoin,http://26ljjgt5f43euekvrdvvpwgurmbw7ruaxun4ttisw7kscjvu6fswdeqd.onion,10
bitcoin,http://427b566urhnglxjn526xib5x373agyyygo6zpjx7he4pvjg6a2m3ilad.onion,36
bitcoin,http://oyozquwzsywhopmdqg4bymkxrc4aw2slca4nilsrxvni6mzfl7qj6rqd.onion/,7
bitcoin,http://geikhtn6qtrjtywxnue4mws2yqdwgbcqa74aeh7lxshmbhgwmzda3aad.onion/,5
bitcoin,http://piratebayo3klnzokct3wt5yyxb2vpebbuyjl7m623iaxmqhsd52coid.onion/,1
monero,http://piratebayo3klnzokct3wt5yyxb2vpebbuyjl7m623iaxmqhsd52coid.onion/,1
ethereum,http://piratebayo3klnzokct3wt5yyxb2vpebbuyjl7m623iaxmqhsd52coid.onion/,1
litecoin,http://piratebayo3klnzokct3wt5yyxb2vpebbuyjl7m623iaxmqhsd52coid.onion/,1
bitcoin,http://kjsba5xg6vb7gvtzu7eecpwvsggem6qbvmw3h5enj3b4viqvksvktuyd.onion,10
ethereum,http://kjsba5xg6vb7gvtzu7eecpwvsggem6qbvmw3h5enj3b4viqvksvktuyd.onion,1
zcash,http://kjsba5xg6vb7gvtzu7eecpwvsggem6qbvmw3h5enj3b4viqvksvktuyd.onion,1
litecoin,http://kjsba5xg6vb7gvtzu7eecpwvsggem6qbvmw3h5enj3b4viqvksvktuyd.onion,1
bitcoin,http://nnhditqploemi2oivjqnj2codrksqe26tfbh67c52tuk4h53ekeq6bid.onion/,24
bitcoin,http://kimberlymoris.anonblogd4pcarck2ff6qlseyawjljaatp6wjq6rqpet2wfuoom42kyd.onion/p/telegram-deepwebma-to-diploma-certificates-phd-s-ielts-certificate-bachelor-degrees-nclex-certificate-mba-id-cards-ssn-cards,3
bitcoin,http://bmxb34y5pzorv7jcaafqbkqnnymutznyhie6hlcatd4ekuc5d7h73kid.onion/,7
bitcoin,http://wish7hbbsd4kdkzd2eepjfcdg6p7weshnbnzsbiaachmt6627g6j6sad.onion,4
bitcoin,http://24qbbk6mmrjktsr56inw7e3gzzokyoi7syupkjq6eiua6sdquhbahhad.onion,2
bitcoin,http://qmoneylgkppz4forni2z5vuyzzrgt4ydprzi76ptqgdcvuxt6jqy2gad.onion/,3
bitcoin,http://rbj2tpcaeefxnmpfewlm7prkeaufogya2omw47znk3grnk3h7nhw2vad.onion,9
bitcoin,http://grqbybjuo2zrxv4m2h6q33shgxas7q5lb4qir2qtnarlnwjsowelaoqd.onion/http://,3
bitcoin,http://cgcy6acxwpr276fobwjymectxiqmg3qkxg3mkl2zlz2g4c5gmeul3rqd.onion,1
bitcoin,http://onionax33cpuvzskcwcwobcv66qwcyfzo24yeowgjpmpp4mklq7fohid.onion/,1
bitcoin,http://paullzqj3ntil7vyar3gxeks7bz5haiteeehz5vdk5fadvtto7q7liid.onion/,8
monero,http://paullzqj3ntil7vyar3gxeks7bz5haiteeehz5vdk5fadvtto7q7liid.onion/,1
bitcoin,http://gforweopsz6zuig5e27mvymo7eqwvb6oz5on5fkjoxfe2umvaetvcbqd.onion/,1
bitcoin,http://6mjdlp4bcvkcpkduwrgaoj7fskdewbb2mftugcgsnbfi4v6b5ko3reqd.onion/,1
ethereum,http://6mjdlp4bcvkcpkduwrgaoj7fskdewbb2mftugcgsnbfi4v6b5ko3reqd.onion/,1
bitcoin,http://stormwayszuh4juycoy4kwoww5gvcu2c4tdtpkup667pdwe4qenzwayd.onion/,4
monero,http://stormwayszuh4juycoy4kwoww5gvcu2c4tdtpkup667pdwe4qenzwayd.onion/,1
bitcoin,http://qsw7iurcrdwyml5kg4oxbmtqrcnpxiag3iumdarefzeunnyc2dnyljad.onion,7
monero,http://qsw7iurcrdwyml5kg4oxbmtqrcnpxiag3iumdarefzeunnyc2dnyljad.onion,1
bitcoin,http://bettwxorlijh75rm5utttloqysc7zu6jsfhufdbe3yyuc774h7zytuqd.onion,2
ethereum,http://bettwxorlijh75rm5utttloqysc7zu6jsfhufdbe3yyuc774h7zytuqd.onion,1
litecoin,http://bettwxorlijh75rm5utttloqysc7zu6jsfhufdbe3yyuc774h7zytuqd.onion,1
bitcoin,http://coqecsrd2gscgzs4ccc6weu7foawgcx5f4nllbmipgcw63n5eunfvvid.onion,1
bitcoin,http://4fkus6677knjgarqp2r7rhnpqdxzw7en7earran2djd7pye3nab2odqd.onion,2
bitcoin,http://dw74lmb2sm34u23s22opam75ffk5emn5lk6cdnjq5zlqquzpe5cyc5id.onion/,5
bitcoin,http://vo4ho5pwzwp5dc26uo777mhblbs7gf5khcry7tvzvyqslwoyh5rf3gid.onion/,1
monero,http://featherdvtpi7ckdbkb2yxjfwx3oyvr3xjz3oo4rszylfzjdg6pbm3id.onion/,4
bitcoin,http://6vqlua77ndgv6dhau7ezicnjywx7nbamlng4xv2wipxmrk7ilpmozead.onion/,448
bitcoin,http://torv5dp5n46htkqu42r3ywtt75ll2zu24a3yhcsgm6aslp43woclc2id.onion,1
bitcoin,http://fprdverbnvzpte3ryhbnwza3lalaq5wphelcbalmw47aurwvg2irzcid.onion/,5
ethereum,http://fprdverbnvzpte3ryhbnwza3lalaq5wphelcbalmw47aurwvg2irzcid.onion/,3
litecoin,http://fprdverbnvzpte3ryhbnwza3lalaq5wphelcbalmw47aurwvg2irzcid.onion/,4
bitcoin,http://buyreal2xipzjhjfhyztle35dknfexgqrpq4dmzvkc575kzi3vr6bmid.onion/,14
monero,http://buyreal2xipzjhjfhyztle35dknfexgqrpq4dmzvkc575kzi3vr6bmid.onion/,1
bitcoin,http://75o4wkmac4wamrlxnqbztuuzxifrvlmku4lhmk2exsaguha7tghbw3ad.onion,4
bitcoin,http://cash26mgrqwoabxe3cr2ctmqg2kiqcp4inxq2kpgyl7klndfewe5mvqd.onion,3
ethereum,http://w543gjeq3xm4i3v6d4g77qd223ak2gnpkd7pydjcbckpry3ygjikcmid.onion,2
bitcoin,http://i6jpz2b54me4qsclqakanlbdcupc5ry5z5vnd7lbwxst6xv7kngo5fyd.onion/,4
ethereum,http://hyzmpq2fpihteloayhayskcluzq4y3jvrvlkjwau23iyw22ogwvbbbad.onion,2
bitcoin,http://l7vh56hxm3t4tzy75nxzducszppgi45fyx2wy6chujxb2rhy7o5r62ad.onion,1
ethereum,http://l7vh56hxm3t4tzy75nxzducszppgi45fyx2wy6chujxb2rhy7o5r62ad.onion,1
litecoin,http://l7vh56hxm3t4tzy75nxzducszppgi45fyx2wy6chujxb2rhy7o5r62ad.onion,1
bitcoin,http://vfsks7reeizxeeh7iv4m5pm5tsxr4mmpskbt6rb2sil32xklp5rn3qqd.onion,142
bitcoin,http://ddenupaqxuvvilo4yetjv3qbq7p45vqbrr7vd2fmorjglh5bk7uh73id.onion,2
bitcoin,http://gabnubw6cytbgfn2665r76sd3n5adzegb2rkloz4tg7sndc5tpwqk3ad.onion,10
bitcoin,http://hbwikiwsue3y74k6jyijzfdvc5h3lcgre3zwbjvghm4qngoj5wtuoeid.onion/,29
bitcoin,http://jmjkshd3dowb46vo6n7ssxlyjwhea3np55swlxazjpwr3mpxdgjfwgqd.onion/,1
bitcoin,http://4dtwo7g4yjqtiu7sta7icchm3f2aomvfv62xrgn6jc42lm43ut4aydqd.onion,2
bitcoin,http://cash26mgrqwoabxe3cr2ctmqg2kiqcp4inxq2kpgyl7klndfewe5mvqd.onion/,3
bitcoin,http://fast5noy7moq7v27b33pmf5uvzmrffmbssyjnlsovn7gpdn5ecmibgqd.onion,11
bitcoin,http://catalogxlotjjnu6vyevngf675vu6beefzxw6gd6a3fwgmgznksrqmqd.onion/hacking.html,3
bitcoin,http://2ezyu2ao5db5bf3pm36kimn5b347nsz5fonfeusaromcnek425dulwid.onion/,1
bitcoin,http://duckdfcygebarbf4xngzc7ogiwl4uswjjekfolu6cmubo5774oy6d6qd.onion/,5
bitcoin,http://thkdqidwkss3wntyjsd4uyy3i25tiu6hkogd62hd5cxr4ep6kpftwuyd.onion/,1
ethereum,http://thkdqidwkss3wntyjsd4uyy3i25tiu6hkogd62hd5cxr4ep6kpftwuyd.onion/,1
litecoin,http://thkdqidwkss3wntyjsd4uyy3i25tiu6hkogd62hd5cxr4ep6kpftwuyd.onion/,1
bitcoin,http://apreaodu6y46fu5xg5tkm3o3ejja4nq2ijg4reswgmxks6w45rr3axyd.onion/,10
bitcoin,http://2a2a2abbjsjcjwfuozip6idfxsxyowoi3ajqyehqzfqyxezhacur7oyd.onion,10
bitcoin,http://6bdg5y5ab55p6jdojtl2llv4rm5gvykbz5isdlwkcq7kxy6l22jb2aad.onion/,1
bitcoin,http://airvpn3epnw2fnsbx5x2ppzjs6vxtdarldas7wjyqvhscj7x43fxylqd.onion/,2
monero,http://airvpn3epnw2fnsbx5x2ppzjs6vxtdarldas7wjyqvhscj7x43fxylqd.onion/,1
ethereum,http://airvpn3epnw2fnsbx5x2ppzjs6vxtdarldas7wjyqvhscj7x43fxylqd.onion/,1
litecoin,http://airvpn3epnw2fnsbx5x2ppzjs6vxtdarldas7wjyqvhscj7x43fxylqd.onion/,1
bitcoin,http://proh3kzisrnmnxznebk6ugix4sktlu3wdemn4vcbejeeh3awj5c4nryd.onion,6
ethereum,http://proh3kzisrnmnxznebk6ugix4sktlu3wdemn4vcbejeeh3awj5c4nryd.onion,1
litecoin,http://proh3kzisrnmnxznebk6ugix4sktlu3wdemn4vcbejeeh3awj5c4nryd.onion,1
monero,http://ransomwr3tsydeii4q43vazm7wofla5ujdajquitomtd47cxjtfgwyyd.onion,1
litecoin,http://ransomwr3tsydeii4q43vazm7wofla5ujdajquitomtd47cxjtfgwyyd.onion,1
bitcoin,http://catalogxlotjjnu6vyevngf675vu6beefzxw6gd6a3fwgmgznksrqmqd.onion/forums.html,1
bitcoin,http://torv5dp5n46htkqu42r3ywtt75ll2zu24a3yhcsgm6aslp43woclc2id.onion/,1
bitcoin,http://fdaybjyppo2ipq4tnklyb2oncgwtzi5epehx3exrwwg5kt5esujn4pqd.onion,10
ethereum,http://fdaybjyppo2ipq4tnklyb2oncgwtzi5epehx3exrwwg5kt5esujn4pqd.onion,12
tether,http://fdaybjyppo2ipq4tnklyb2oncgwtzi5epehx3exrwwg5kt5esujn4pqd.onion,2
litecoin,http://fdaybjyppo2ipq4tnklyb2oncgwtzi5epehx3exrwwg5kt5esujn4pqd.onion,3
bitcoin,http://4ckmtwkaaiksisknefvnxm5twbhk4tym6ahcejgwxpebrolqrzfe3dad.onion,2
bitcoin,http://catalogxlotjjnu6vyevngf675vu6beefzxw6gd6a3fwgmgznksrqmqd.onion/blogs.html,1
bitcoin,http://wi6mybk4hwkabymojzponx352iy72wi3ao4mxzj66glktsccrphnpiid.onion/,586
bitcoin,http://easy3i6x4qqfomutiehzbxzwhp74s3ziykhwuk2bgf5k22qpa7rtm2ad.onion/CounterfitCenter.html,2
bitcoin,http://walletdhjtlu7wkzwhlkgdtl45glxx3olfwywpt7cv33q67aotajdmad.onion,8
bitcoin,http://vfsks7reeizxeeh7iv4m5pm5tsxr4mmpskbt6rb2sil32xklp5rn3qqd.onion/,142
bitcoin,http://j7wrijvxaz2qckdjolel5mgntu5gboqskm7je6zvtbqwbogcectf6lqd.onion,7
bitcoin,http://allbits7fuboct7q6dzht5yfwwdwigmesy45fctinesvxwgithpn2fyd.onion,38
ethereum,http://allbits7fuboct7q6dzht5yfwwdwigmesy45fctinesvxwgithpn2fyd.onion,4
tether,http://allbits7fuboct7q6dzht5yfwwdwigmesy45fctinesvxwgithpn2fyd.onion,2
litecoin,http://allbits7fuboct7q6dzht5yfwwdwigmesy45fctinesvxwgithpn2fyd.onion,1
bitcoin,http://crypmix4m5iunofa25mpmiihdb56oaqg57tvrebqatc6otn3w65qhlid.onion/,28
bitcoin,http://wiki2zkamfya6mnyvk4aom4yjyi2kwsz7et3e4wnikcrypqv63rsskid.onion/,26
monero,http://wiki2zkamfya6mnyvk4aom4yjyi2kwsz7et3e4wnikcrypqv63rsskid.onion/,1
bitcoin,http://57j4bp6nabycnbansvkg5az6oztajpntpht7jhhnvtp4tmgtgjim5lqd.onion,1
bitcoin,http://trusrw4zkac4y4xkxvt4rsymmakodpqsanom37wa2d3onjkgahq72byd.onion/index.php#adult,13
monero,http://trusrw4zkac4y4xkxvt4rsymmakodpqsanom37wa2d3onjkgahq72byd.onion/index.php#adult,2
bitcoin,http://j77vay55or2d4xztgqwagodilnzrrjhbbhbkwaho2f3sthfangkyfhqd.onion/DarkWeb.Solutions/,11
bitcoin,http://dnhuboxyxgbhmnozl5j4wntoon56x423iteusfmbqwsdwl26gnqqy6id.onion/,2
monero,http://dnhuboxyxgbhmnozl5j4wntoon56x423iteusfmbqwsdwl26gnqqy6id.onion/,1
litecoin,http://dnhuboxyxgbhmnozl5j4wntoon56x423iteusfmbqwsdwl26gnqqy6id.onion/,1
bitcoin,http://fast5noy7moq7v27b33pmf5uvzmrffmbssyjnlsovn7gpdn5ecmibgqd.onion/,11
bitcoin,http://toponiibv4eo4pctlszgavni5ajzg7uvkd7e2xslkjmtcfqesjlsqpid.onion,6
bitcoin,http://ybybq6i4zbstywk6xfxijnw4puoapjlqt7inisk3sgmaikkk6hnqo3id.onion/,20
monero,http://ybybq6i4zbstywk6xfxijnw4puoapjlqt7inisk3sgmaikkk6hnqo3id.onion/,1
bitcoin,http://3xbspe3skkv5oj4nqfjti6og7ak5z34izqsdsi6hgc3hro7t345l3vyd.onion,2
bitcoin,http://6ji7dfurszw7ymbkjrksyskgy5e4niuv4qvntoy5v766qplaqqppkqad.onion,2
bitcoin,http://joymt62k3bthft55bauf3evjrrlrcluiyo2fmyt4mmzuqp4emeh4vvqd.onion,1
ethereum,http://joymt62k3bthft55bauf3evjrrlrcluiyo2fmyt4mmzuqp4emeh4vvqd.onion,1
monero,http://ransomwr3tsydeii4q43vazm7wofla5ujdajquitomtd47cxjtfgwyyd.onion/,1
litecoin,http://ransomwr3tsydeii4q43vazm7wofla5ujdajquitomtd47cxjtfgwyyd.onion/,1
bitcoin,http://mpclub4l7ulijr77uxitv33tadivotdndljvth55g7fw7lxyfyswa4id.onion/,4
bitcoin,http://wasabiukrxmkdgve5kynjztuovbg43uxcbcxn6y2okcrsg7gb6jdmbad.onion/,8
bitcoin,http://aubvriwvkq3zbatoqppuzgvpkcyworntmvw3fze6z4giabd5xxjskgid.onion,1
bitcoin,http://imjxsmcdedgtljeqip5vmqjepruvlip2xstuos5phwsrp3ka3znzn2ad.onion,8
bitcoin,http://anonhk3kz4eqqis7dncqolp6u366n44dz4l34byprdk7qv65hm2hgbyd.onion/,1
bitcoin,http://fqr7fd4dmwxwpxn2355tnnj37x2hroxc2mr7uty4pwdflpt2bnbdiyqd.onion/,19
bitcoin,http://24dwni3zqe5x4alosa3vzippfog5nupoozurlagh4xqywnbd5fr3ebyd.onion,10
bitcoin,http://qsw7iurcrdwyml5kg4oxbmtqrcnpxiag3iumdarefzeunnyc2dnyljad.onion/,7
monero,http://qsw7iurcrdwyml5kg4oxbmtqrcnpxiag3iumdarefzeunnyc2dnyljad.onion/,1
bitcoin,http://fivyda6lseez4teofnuppefuo434i4boe5pwoo7qhhtubpezrso2xsid.onion,19
bitcoin,http://ez37hmhem2gh3ixctfeaqn7kylal2vyjqsedkzhu4ebkcgikrigr5gid.onion/,1
bitcoin,http://ylqbocdsxkvoegsdq4bdsu4blhwrkfygkbx2alcrew22o3fgkab7kkad.onion,2
bitcoin,http://generator.anonissfireenterfdks2u53jqevumbu6hjm35ioorsa7eq5bsjlucad.onion/,7
monero,http://generator.anonissfireenterfdks2u53jqevumbu6hjm35ioorsa7eq5bsjlucad.onion/,4
bitcoin,http://trulv5o5ovg3hajltyr2wypzqrrtnkhcg4trstghtebvnrmxwmytdrad.onion,4
bitcoin,http://drugsednqhasbyoyg2oekzbnllbujro54zrogqbf3p6e7qflxti5eeqd.onion/,7
monero,http://drugsednqhasbyoyg2oekzbnllbujro54zrogqbf3p6e7qflxti5eeqd.onion/,2
ethereum,http://drugsednqhasbyoyg2oekzbnllbujro54zrogqbf3p6e7qflxti5eeqd.onion/,3
ethereum,http://w64lipuwtztxwjo6pbzhbsw2sm2jolybm6mwtneinssn5ofc2tbv5gad.onion,4
bitcoin,http://hiddenr4unabcptgqmdmi7t2n3xcpanjfv6abcksxgcdahigytb5jyyd.onion/,14
monero,http://hiddenr4unabcptgqmdmi7t2n3xcpanjfv6abcksxgcdahigytb5jyyd.onion/,1
bitcoin,http://tdef74zmruajphutbzuqlxzpi5btckiypgpfmug6bl235e4mn6xarvad.onion/tdwj/category/dark-web-news/,12
monero,http://tdef74zmruajphutbzuqlxzpi5btckiypgpfmug6bl235e4mn6xarvad.onion/tdwj/category/dark-web-news/,1
ethereum,http://tdef74zmruajphutbzuqlxzpi5btckiypgpfmug6bl235e4mn6xarvad.onion/tdwj/category/dark-web-news/,2
bitcoin,http://fcard5m4hhzj2va46h4tjudjqlmz3ejunpiv6p5pzoh5i2xvvr5vnbqd.onion/,2
bitcoin,http://doki.anonblogd4pcarck2ff6qlseyawjljaatp6wjq6rqpet2wfuoom42kyd.onion/,3
bitcoin,http://bjcrlrxnjytkzfnthvxpdcsdz2qz6rg6xs4hj6ancu67q7m6paujlfid.onion/,1
bitcoin,http://wn2qsnvvdvnzsx7x575vwonz7muo4csk25jzqwy5zgw4mvuxpqaz77id.onion,2
ethereum,http://wn2qsnvvdvnzsx7x575vwonz7muo4csk25jzqwy5zgw4mvuxpqaz77id.onion,1
bitcoin,http://nbpt7hgip2xz373iv7ppj7skmba5d2sxop72jnpudlvd7jtgkgted5yd.onion/,140
bitcoin,http://bizz4kwy566gxae32fkjybarded4caeqatyj4jvoxpkrx3wrzrq77yad.onion/Ranion.html,3
monero,http://bizz4kwy566gxae32fkjybarded4caeqatyj4jvoxpkrx3wrzrq77yad.onion/Ranion.html,2
bitcoin,http://ggy5dsyxbiv4aab25zgbqtl4cxwusgpgsrinbabshu4wlbog5jbl3fyd.onion,1
bitcoin,http://geue766hxjl5lcwpksxywpxolidieauask4klnw5xxvwojiw6n7zkxqd.onion/,7
bitcoin,http://wizbyu3pkptftdfzrid7oxojfw7efz6kss7cu433yr7qcefmolk2xuid.onion,13
bitcoin,http://p2732uflbvufyntqa2y6hvigpv5lnfdipyjhxgfo2fcubzt7abrzbmyd.onion,2
bitcoin,http://hbvcupxrcduemwl7tkn2utpqlb3lrqb77skf3fvs5lqryxxnvtxkypqd.onion,4
bitcoin,http://254f4mpwysrovatumz6skvl44mi5nsrvjzvguokisxzdeznlc2tkmbad.onion,2
monero,http://254f4mpwysrovatumz6skvl44mi5nsrvjzvguokisxzdeznlc2tkmbad.onion,1
ethereum,http://254f4mpwysrovatumz6skvl44mi5nsrvjzvguokisxzdeznlc2tkmbad.onion,2
litecoin,http://254f4mpwysrovatumz6skvl44mi5nsrvjzvguokisxzdeznlc2tkmbad.onion,1
bitcoin,http://7afbko7mx7o654pbwbwydsiaukzp6wodzb54nf6tkz2h3nmnfa3bszid.onion,4
bitcoin,http://nhkotz23d7zbxbdjupg4rptjzcaruqwx2qy7qwtby3hon5rr4yaddfqd.onion/,1
bitcoin,http://dark4s5k7jw5zjgkm5wzo3zbvwpwvzi7gqo5kpvzfggtcnzexdu7gsyd.onion,1
bitcoin,http://dwforumuugiyderhybcpfxmlmoawgq6z3w6hk45nrnem3p7kwszhybad.onion/,17
ethereum,http://dwforumuugiyderhybcpfxmlmoawgq6z3w6hk45nrnem3p7kwszhybad.onion/,1
bitcoin,http://thedude75pphneo4auknyvspskdmcj4xicbsnkvqgwhb4sfnmubkl5qd.onion,1
bitcoin,http://lambdaplusjs35padjaiz4jw2fugdoeutse262phqr72uf634s2wdbqd.onion/All2/catalog,22
monero,http://lambdaplusjs35padjaiz4jw2fugdoeutse262phqr72uf634s2wdbqd.onion/All2/catalog,13
ethereum,http://lambdaplusjs35padjaiz4jw2fugdoeutse262phqr72uf634s2wdbqd.onion/All2/catalog,11
zcash,http://lambdaplusjs35padjaiz4jw2fugdoeutse262phqr72uf634s2wdbqd.onion/All2/catalog,1
litecoin,http://lambdaplusjs35padjaiz4jw2fugdoeutse262phqr72uf634s2wdbqd.onion/All2/catalog,1
bitcoin,http://e7hfgibcqc5zmjpy23jee7y3pydknqt7ak7y7lwkhkr72z6pg7hd2yad.onion,3
bitcoin,http://nf2nip7s2235bzv4zw2vpndctw2bkz6qgzut6n7wx62sud5m27o5fwad.onion/wiki/index.php,106
ethereum,http://nf2nip7s2235bzv4zw2vpndctw2bkz6qgzut6n7wx62sud5m27o5fwad.onion/wiki/index.php,5
litecoin,http://nf2nip7s2235bzv4zw2vpndctw2bkz6qgzut6n7wx62sud5m27o5fwad.onion/wiki/index.php,4
bitcoin,http://shop6bpuax4uk53slpyt56bhl43f2cefpcejwyrbtvcfugujldt3eyqd.onion,5
bitcoin,http://ddenupaqxuvvilo4yetjv3qbq7p45vqbrr7vd2fmorjglh5bk7uh73id.onion/,2
bitcoin,http://efpalsc63ytf5cmyopsbwri46wuyawk3ezt6pmefzfldtf34tgunokad.onion/,10
bitcoin,http://pbr2spglh3ofpd66zbbxgkqxxkd57k374smbwqsjxnl67yevikzwrlad.onion,1
bitcoin,http://appworld55fqxlhcb5vpdzdaf5yrqb2bu2xtocxh2hiznwosul2gbxqd.onion/,2
bitcoin,http://iqosv7ozbt23jfbv22annsw6bqsvcjncmpmqtbfjy6d5s4e66qku3sad.onion,19
monero,http://iqosv7ozbt23jfbv22annsw6bqsvcjncmpmqtbfjy6d5s4e66qku3sad.onion,1
bitcoin,http://catalogxlotjjnu6vyevngf675vu6beefzxw6gd6a3fwgmgznksrqmqd.onion/search.html,1
ethereum,http://zkpckszxe37pnv3eyxxzmqgm3ftllmizzr3fdx7b6rxsbvt3rn2rzwid.onion/,2
bitcoin,http://ue5sfh6yl74zon64c2swxomyojsyipiunod5w3eyhwt3ft6ladtgflad.onion/,20
bitcoin,http://hbvcupxrcduemwl7tkn2utpqlb3lrqb77skf3fvs5lqryxxnvtxkypqd.onion/,4
bitcoin,http://eu2cqr75trm5gv6ysspfafmuvrqsotimr7wdpcrr7hbeaaslglwguxyd.onion,1
bitcoin,http://btcstrszsbmwmc64fqw3d7ftomkicyrzb2fkslj3m6hurpuqdfxpqtqd.onion/,11
monero,http://btcstrszsbmwmc64fqw3d7ftomkicyrzb2fkslj3m6hurpuqdfxpqtqd.onion/,2
ethereum,http://btcstrszsbmwmc64fqw3d7ftomkicyrzb2fkslj3m6hurpuqdfxpqtqd.onion/,2
tether,http://btcstrszsbmwmc64fqw3d7ftomkicyrzb2fkslj3m6hurpuqdfxpqtqd.onion/,2
bitcoin,http://kbyz5nubktfmsm2e4wanunbytuufbo3tzadgqijzn5llmnbzhfjqn5ad.onion,8
bitcoin,http://legitv6lixtir6j67povearmupo7luhcf5tbk674ekdha2ebbecatcqd.onion,5
bitcoin,http://helix5lcrpo7ddkq22ow2segws3tchqq6byqbhztvny77ua7rli6n7id.onion/,41
monero,http://helix5lcrpo7ddkq22ow2segws3tchqq6byqbhztvny77ua7rli6n7id.onion/,2
ethereum,http://sloxx2hmdsdme4lynn77old67f52nadaed4rpqbyjnyt54divsqny7id.onion,3
bitcoin,http://pirate6bonck35tq7yvbzy3q6z2ubwb2bcveb2ofaoffrcvuscenqcad.onion,1
bitcoin,http://qox6tlctbcq3sr3czhoxkrewnlg32rtbytbkwdashqpctxnfsqtcpcqd.onion,4
bitcoin,http://sc6q3w62pipyamkxmm2vcshopzyopohxh37gvc7gralscscmw6n6p5qd.onion/,7
ethereum,http://sc6q3w62pipyamkxmm2vcshopzyopohxh37gvc7gralscscmw6n6p5qd.onion/,1
bitcoin,http://ci5lnmoxorgh3qu3ap4actygbifnc7xwbzzb6afe72c3h77dvwgdskid.onion,1
bitcoin,http://tdef74zmruajphutbzuqlxzpi5btckiypgpfmug6bl235e4mn6xarvad.onion,8
ethereum,http://tdef74zmruajphutbzuqlxzpi5btckiypgpfmug6bl235e4mn6xarvad.onion,1
bitcoin,http://d32xtdmgveuqfb47r6yd7imhmaswm35zhlhbajj6wrdznjo56nvzaoad.onion/,5
bitcoin,http://drugsednqhasbyoyg2oekzbnllbujro54zrogqbf3p6e7qflxti5eeqd.onion,7
monero,http://drugsednqhasbyoyg2oekzbnllbujro54zrogqbf3p6e7qflxti5eeqd.onion,2
ethereum,http://drugsednqhasbyoyg2oekzbnllbujro54zrogqbf3p6e7qflxti5eeqd.onion,3
bitcoin,http://linkxff7eza6iremo7a3w5foqmdu57b4fdp4mcyeeym3wr76yodlsnid.onion/cat1/,2
ethereum,http://needlet6ejnpaa2wkc4r7jxfunpidau54rb5hilsmicdf625hr2xn7yd.onion/,2
bitcoin,http://jjaxsf5zoexvg7swo25bqvaqb4yda6m2zun5wndlscxjw4u2mlw3p3qd.onion/,2
bitcoin,http://bizz4kwy566gxae32fkjybarded4caeqatyj4jvoxpkrx3wrzrq77yad.onion/TrustBTC.html,7
bitcoin,http://snowbin45znsonv227ypgbuvpqyaoolxpdg3nhhfznahe3exif6z7tyd.onion,1
bitcoin,http://j4vzsxobisjoqsb6sbczwqfqvh4qvz6cimebdootvw4abbgybgh5isyd.onion/,3
ethereum,http://j4vzsxobisjoqsb6sbczwqfqvh4qvz6cimebdootvw4abbgybgh5isyd.onion/,2
tether,http://j4vzsxobisjoqsb6sbczwqfqvh4qvz6cimebdootvw4abbgybgh5isyd.onion/,1
bitcoin,http://findtorroveq5wdnipkaojfpqulxnkhblymc7aramjzajcvpptd4rjqd.onion/,1
bitcoin,http://moneydwu6lqjy5ax3fx66c3x5rw7jih3gcki5izhnoq5nmif5ttoizqd.onion/,17
bitcoin,http://p23gulsmmneshdxabrbt3j2enmf2h4suynuujimjqjlklo4pprx6flid.onion/,2
bitcoin,http://tmknbkslnscj76qryv2rdfo76txx5ykgcunrec7ukghrwox6q73lurad.onion/generator2023/index.html,51
ethereum,http://tmknbkslnscj76qryv2rdfo76txx5ykgcunrec7ukghrwox6q73lurad.onion/generator2023/index.html,1
bitcoin,http://ulwwbialztsdgbl23ijacs27v2gefnxew5nbrchsrlb6duq76ky2jsad.onion,9
bitcoin,http://buyreal2xipzjhjfhyztle35dknfexgqrpq4dmzvkc575kzi3vr6bmid.onion,14
monero,http://buyreal2xipzjhjfhyztle35dknfexgqrpq4dmzvkc575kzi3vr6bmid.onion,1
bitcoin,http://jagzdmywhlmt3posbsiizyye2xxjxcwbkmqy7hn2r52t7hqdorvghyad.onion/,2
bitcoin,http://vtgk7uzp7v2ba2wiv2m5diuklzszgcparux5cjxvjlt5mqaoehwjqxad.onion/,1
bitcoin,http://2cardsowr7u7uvpyrnc5lxuclhb4noj6q2cqf2so7ezg2zufntkjefad.onion/,3
bitcoin,http://catalogxlotjjnu6vyevngf675vu6beefzxw6gd6a3fwgmgznksrqmqd.onion/other.html,1
ethereum,http://eu4ditp4j7mqj6hwfdulzl2xzh2ie4tewm3pf2iarr3hi3fyee4ug3id.onion/,2
bitcoin,http://catalogxlotjjnu6vyevngf675vu6beefzxw6gd6a3fwgmgznksrqmqd.onion/bitcoin.html,30
bitcoin,http://pathfndw4o45qz6f62dyatb44ov3aivwo2ielpzzzlgwcpmvhufd7zyd.onion/,5
monero,http://frg5sfdtzldgzqncodxzpub3zw5s6rnoiclr4aqadzp7q5xvtisbvpqd.onion/,3
bitcoin,http://torscamismihh6gxwzf4wmbnosvzfzs546tlvgj5macmi2evtfxh5nid.onion,1
bitcoin,http://muwgjdckwwmhyi7lj73dspumrxmzuzjvujmtmyrhhbjrgswcakobtfad.onion/,3
ethereum,http://muwgjdckwwmhyi7lj73dspumrxmzuzjvujmtmyrhhbjrgswcakobtfad.onion/,1
bitcoin,https://grr.la/mail/grrmailb3fxpjbwm.onion/inbox,1
ethereum,https://grr.la/mail/grrmailb3fxpjbwm.onion/inbox,1
bitcoin,http://catalogpwwlccc5nyp3m3xng6pdx3rdcknul57x6raxwf4enpw3nymqd.onion/add-link,2
bitcoin,http://millgp4qlunsodihsnbbofellqxvjg5kgikkwvpaolwxqqxcrjkfiwyd.onion/,4
bitcoin,http://db3d6ttb57jtqg62bcmk6o3hkz6cccsjmv5rgm2slxw4ab6aaas4kuyd.onion,3
bitcoin,http://5yzrdnb23x45tkaawfpdjeulrhkzltgmqgq6qdkf7ic7vojuy7gmkryd.onion/,3
bitcoin,http://bjhjtivcu43ndzdryschq4j3p3ipum72y7goyewxrneqc35n5ajx46qd.onion,2
bitcoin,http://tastr5kwcabstvuw5flgc4ij6itln65gtmhows4uu2dbabcbtuhv5tqd.onion,10
monero,http://tastr5kwcabstvuw5flgc4ij6itln65gtmhows4uu2dbabcbtuhv5tqd.onion,1
bitcoin,http://oirolrkrppy6sei6x6bvkkdolc4cjqzqfhxisfzu6exqblahwrrvktyd.onion/,1
monero,http://oirolrkrppy6sei6x6bvkkdolc4cjqzqfhxisfzu6exqblahwrrvktyd.onion/,1
ethereum,http://oirolrkrppy6sei6x6bvkkdolc4cjqzqfhxisfzu6exqblahwrrvktyd.onion/,1
bitcoin,http://njallalafimoej5i4eg7vlnqjvmb6zhdh27qxcatdn647jtwwwui3nad.onion/,1
monero,http://njallalafimoej5i4eg7vlnqjvmb6zhdh27qxcatdn647jtwwwui3nad.onion/,1
ethereum,http://njallalafimoej5i4eg7vlnqjvmb6zhdh27qxcatdn647jtwwwui3nad.onion/,1
zcash,http://njallalafimoej5i4eg7vlnqjvmb6zhdh27qxcatdn647jtwwwui3nad.onion/,1
litecoin,http://njallalafimoej5i4eg7vlnqjvmb6zhdh27qxcatdn647jtwwwui3nad.onion/,1
bitcoin,http://gtl3bpvdnzijqmna2sd25ktixabzt7pval6fpkd2ur6vpov52zzv74yd.onion,4
bitcoin,http://y3uqa5umvziqedr6ox3io7qx4o5kf635s5qnhdbmzi2ws3s5eaitwvid.onion,7
monero,http://y3uqa5umvziqedr6ox3io7qx4o5kf635s5qnhdbmzi2ws3s5eaitwvid.onion,1
bitcoin,http://2a2a2abbjsjcjwfuozip6idfxsxyowoi3ajqyehqzfqyxezhacur7oyd.onion/?product_cat=gadgets,8
bitcoin,http://dnlinksemsch3ybzvyfwz6cg2gy4ee5wciyrlp3k5y5e3azexckt2lad.onion/,3
bitcoin,http://iopj7y3hx62dxkykvfl3tdcx6vu6vjr63ook3grjoptl47fddjnj7jyd.onion,3
monero,http://iopj7y3hx62dxkykvfl3tdcx6vu6vjr63ook3grjoptl47fddjnj7jyd.onion,1
ethereum,http://iopj7y3hx62dxkykvfl3tdcx6vu6vjr63ook3grjoptl47fddjnj7jyd.onion,1
bitcoin,http://dw3ihrcs7ord7x6nxbsmjydttkauoc4i367gzzpr3csksuimf5hbjlid.onion/,8
monero,http://stormer5v52vjsw66jmds7ndeecudq444woadhzr2plxlaayexnh6eqd.onion,1
bitcoin,http://kingxgja6o7zl3fyiuw2cafyuwp2lfxhoozs3lj2sdftdfzb53hy5zqd.onion/,4
bitcoin,http://scash7ktl75awion252s3jobptbbym27h5oh6n6kha4tevgozami4dqd.onion/,2
bitcoin,http://catalogpwwlccc5nyp3m3xng6pdx3rdcknul57x6raxwf4enpw3nymqd.onion/,5
bitcoin,http://tbx2qbnhwmjn2nf7iuk3473r5usluif5njgxzn3mzmgwqhd5dqybdqid.onion/,3
monero,http://tbx2qbnhwmjn2nf7iuk3473r5usluif5njgxzn3mzmgwqhd5dqybdqid.onion/,3
bitcoin,http://deepmlzxkh7tpnuiv32nzzg6oxza4nvpd6b7ukujwxzgxj2f33johuqd.onion,12
monero,http://deepmlzxkh7tpnuiv32nzzg6oxza4nvpd6b7ukujwxzgxj2f33johuqd.onion,1
ethereum,http://deepmlzxkh7tpnuiv32nzzg6oxza4nvpd6b7ukujwxzgxj2f33johuqd.onion,1
bitcoin,http://fqlz5aqnrbxhr7s46bgjmwwmyacz6yd3mexechmd5gq7wpqdn57cldad.onion/,1
bitcoin,http://darkhuo35yiohrsdlbdhhrtl5ds7jtv5x2cjusqqebalj5vtrdqgqoid.onion,1
bitcoin,http://coinpigv67cccbkeoddtthduoy65uwtc7rs3pvwtln2xefcrnkhf3sad.onion/,15
bitcoin,http://proh3kzisrnmnxznebk6ugix4sktlu3wdemn4vcbejeeh3awj5c4nryd.onion/,6
ethereum,http://proh3kzisrnmnxznebk6ugix4sktlu3wdemn4vcbejeeh3awj5c4nryd.onion/,1
litecoin,http://proh3kzisrnmnxznebk6ugix4sktlu3wdemn4vcbejeeh3awj5c4nryd.onion/,1
bitcoin,http://ypjmfdifrhoxpoks5vaqeabvre2cndhlck2ou4du32gpllqet2x6ikyd.onion,2
ethereum,http://ypjmfdifrhoxpoks5vaqeabvre2cndhlck2ou4du32gpllqet2x6ikyd.onion,1
tether,http://ypjmfdifrhoxpoks5vaqeabvre2cndhlck2ou4du32gpllqet2x6ikyd.onion,1
litecoin,http://ypjmfdifrhoxpoks5vaqeabvre2cndhlck2ou4du32gpllqet2x6ikyd.onion,1
bitcoin,http://best2fo7w7denipp46ok3okzexm53r4s4szzj24qrfarowfpziqpe3yd.onion/,1
ethereum,http://best2fo7w7denipp46ok3okzexm53r4s4szzj24qrfarowfpziqpe3yd.onion/,1
tether,http://best2fo7w7denipp46ok3okzexm53r4s4szzj24qrfarowfpziqpe3yd.onion/,1
litecoin,http://best2fo7w7denipp46ok3okzexm53r4s4szzj24qrfarowfpziqpe3yd.onion/,1
bitcoin,http://jsonnrmphegwinvzyjxdrt2ss7d3mzq6v537i6mhg5ys4qbjww7orcad.onion/ ,1
ethereum,http://jsonnrmphegwinvzyjxdrt2ss7d3mzq6v537i6mhg5ys4qbjww7orcad.onion/ ,64
bitcoin,http://guideeedvgbpkthetphncab5aqj7dp5t74y7vxsoonnvmaeamq74vuqd.onion,1
bitcoin,http://fhostingineiwjg6cppciac2bemu42nwsupvvisihnczinok362qfrqd.onion/,2
monero,http://fhostingineiwjg6cppciac2bemu42nwsupvvisihnczinok362qfrqd.onion/,1
ethereum,http://fhostingineiwjg6cppciac2bemu42nwsupvvisihnczinok362qfrqd.onion/,1
litecoin,http://fhostingineiwjg6cppciac2bemu42nwsupvvisihnczinok362qfrqd.onion/,1
bitcoin,http://lkiw4tmbudbr43hbyhm636sarn73vuow77czzohdbqdpjuq3vdzvenyd.onion,1
ethereum,http://lkiw4tmbudbr43hbyhm636sarn73vuow77czzohdbqdpjuq3vdzvenyd.onion,1
litecoin,http://lkiw4tmbudbr43hbyhm636sarn73vuow77czzohdbqdpjuq3vdzvenyd.onion,1
ethereum,http://xwwukc4vh22osejjest5kxc4h7tdaaorwvpfyaljfwap6tkzz7zvtfyd.onion/,3
bitcoin,http://rjw4o2clo3y276iljbjqlkylcguyg2mhhfwh7havu6daugr6ujq6iuyd.onion,33
bitcoin,http://mipx6eedtsvfgfcmbm3utjedgjez2w4dzjdrbhtd2mt3cicwhhzspxqd.onion/,1
monero,http://mipx6eedtsvfgfcmbm3utjedgjez2w4dzjdrbhtd2mt3cicwhhzspxqd.onion/,1
ethereum,http://mipx6eedtsvfgfcmbm3utjedgjez2w4dzjdrbhtd2mt3cicwhhzspxqd.onion/,1
ethereum,http://hiddenarwchf2imvesjre2lfoc5a74ruls6eqiuyvrkll74axztiobqd.onion,2
bitcoin,http://wfhk7qy6ycihylvls7xrmlyp3elin3k6ezyee4ovp3oj2wudrhmhgwid.onion/,9
bitcoin,http://s243ipqnguj6gsxbsuj567c7lqcjueudgkdd2mpxadoctsnvqulhmlad.onion/,48
bitcoin,http://fmwmxf6o3zpfpemgdvbwm3the434xlw2b5nwkwpmibnriac4yloyx5ad.onion/,3
bitcoin,http://k7dyt6gcr7bvytefr2uksfbumtpyiiolih55i4hzvvxdfl6rrndrarid.onion/,1
ethereum,http://k7dyt6gcr7bvytefr2uksfbumtpyiiolih55i4hzvvxdfl6rrndrarid.onion/,1
litecoin,http://k7dyt6gcr7bvytefr2uksfbumtpyiiolih55i4hzvvxdfl6rrndrarid.onion/,1
bitcoin,http://rmoneyk6ykahdlhupc2migborsldthiungvwvdlosak2oe5dypxnkyad.onion/,5
bitcoin,http://satanhcrm62gtwn246d47wb4tjjryvvlxbck2mkw7w2k5rn5xeiocmad.onion/,1
monero,http://jyi4onjmpaxzbujz3smcscqomyfj6dopks43h53rp3irqhapgnodzwad.onion/,1
bitcoin,http://deeeepv4bfndyatwkdzeciebqcwwlvgqa6mofdtsvwpon4elfut7lfqd.onion/,6
bitcoin,http://darkn5g756epq6t6fkqdo3mvkxlvwjtgabsbh3x47yhqg3uguiy5z5yd.onion,2
monero,http://darkn5g756epq6t6fkqdo3mvkxlvwjtgabsbh3x47yhqg3uguiy5z5yd.onion,1
ethereum,http://darkn5g756epq6t6fkqdo3mvkxlvwjtgabsbh3x47yhqg3uguiy5z5yd.onion,1
bitcoin,http://onionssbtwxp55lks6cqwbtujrkzzgigfczls46bfxg25tc4tnnnhmqd.onion/,1
bitcoin,http://mrrh6ge64oj4mx4qz2znnve3tjidjwqdlvmlt6agzffed3jj33cilsyd.onion/,5
bitcoin,http://owwcs2gh72stepbn5pubbgp7wiiosgxva55goloulqcuwc5kieshevyd.onion/,15
bitcoin,http://sbwalldgsm6r64jjyot5vye3uo3wbkk2rjfsux3kn43vwpiaxixgwrqd.onion,7
bitcoin,http://ig2ioz6j2vpcmz27nlqmfdrscijqeqnjv6ku3pkpte7pm53gxeal5hqd.onion/,1
bitcoin,http://shhp5nftr2mgbdbasyt4xeon652wmhoax7jvutxsvw7foqmv4utchlid.onion/,25
bitcoin,http://24moskpbbhsiaegrwa5llztq5jbkans33k657vww6plzzpst7ulwsbqd.onion,6
monero,http://24moskpbbhsiaegrwa5llztq5jbkans33k657vww6plzzpst7ulwsbqd.onion,1
bitcoin,http://iiuldypnh37oi3l6vd44tao2hiuzaa7kgnmiaoabc3udccvbmgoqypid.onion/,19
bitcoin,http://duckwm3krjkdpb7wbkgbra5bu7ilwr2wj5zjp6pym7clfprumwdluhid.onion/,4
bitcoin,http://catalogxlotjjnu6vyevngf675vu6beefzxw6gd6a3fwgmgznksrqmqd.onion/money.html,1
monero,http://catalogxlotjjnu6vyevngf675vu6beefzxw6gd6a3fwgmgznksrqmqd.onion/money.html,5
bitcoin,http://6hasakffvppilxgehrswmffqurlcjjjhd76jgvaqmsg6ul25s7t3rzyd.onion,13
bitcoin,http://btcmixer2e3pkn64eb5m65un5nypat4mje27er4ymltzshkmujmxlmyd.onion/,30
bitcoin,http://catalogxlotjjnu6vyevngf675vu6beefzxw6gd6a3fwgmgznksrqmqd.onion/cards.html,2
bitcoin,http://axwjj6w2hl5jzc4qdodlfx2kmcj3hioy5c764k6h72qtlgf3w534fwid.onion/,4
ethereum,http://axwjj6w2hl5jzc4qdodlfx2kmcj3hioy5c764k6h72qtlgf3w534fwid.onion/,4
bitcoin,http://gunsiqvaicyzyq7xqm2c3xshl6pjegtxjf3m3ldms2fo52lqvrmvbyyd.onion,7
monero,http://gunsiqvaicyzyq7xqm2c3xshl6pjegtxjf3m3ldms2fo52lqvrmvbyyd.onion,1
monero,http://frg5sfdtzldgzqncodxzpub3zw5s6rnoiclr4aqadzp7q5xvtisbvpqd.onion,3
bitcoin,http://torwin5lcn2um3brjftk7mm5gqeqtkocgevezejz6xxqyyk7xmcqndid.onion/index.php?title=Main_Page&oldid=93,7
monero,http://torwin5lcn2um3brjftk7mm5gqeqtkocgevezejz6xxqyyk7xmcqndid.onion/index.php?title=Main_Page&oldid=93,3
bitcoin,http://li7kiemsydey4nc6phvxybxgf4rmws5admi7xq6e6nu7hdapvwumrjqd.onion/,14
bitcoin,http://owwcs2gh72stepbn5pubbgp7wiiosgxva55goloulqcuwc5kieshevyd.onion,15
bitcoin,http://kfj2am4ee2asdqflt4tuxxwbeuzmh6tv64ojbqscc4u55skrechsxzad.onion,21
monero,http://kfj2am4ee2asdqflt4tuxxwbeuzmh6tv64ojbqscc4u55skrechsxzad.onion,1
ethereum,http://kfj2am4ee2asdqflt4tuxxwbeuzmh6tv64ojbqscc4u55skrechsxzad.onion,2
zcash,http://kfj2am4ee2asdqflt4tuxxwbeuzmh6tv64ojbqscc4u55skrechsxzad.onion,1
ethereum,http://ce6v6fug7keughlf54feykl2m6xrvpgb4rr6ith4b53rabro7pvf47yd.onion,1
bitcoin,http://yu4r2lmrynbkx2zdwmy5dh62ylh4qtbisldjlp2eqz2xzv4wt5kju4yd.onion,45
monero,http://yu4r2lmrynbkx2zdwmy5dh62ylh4qtbisldjlp2eqz2xzv4wt5kju4yd.onion,4
ethereum,http://yu4r2lmrynbkx2zdwmy5dh62ylh4qtbisldjlp2eqz2xzv4wt5kju4yd.onion,1
bitcoin,http://h4ck3rxfmolbaue7vnkhzqvuzfo6lb2tlnbxik2wfooucdwtnh3o3xyd.onion/,1
monero,http://h4ck3rxfmolbaue7vnkhzqvuzfo6lb2tlnbxik2wfooucdwtnh3o3xyd.onion/,1
bitcoin,http://oa2gg4ythpfy74sxsnshigdi23s5yxfqjs6tye4td3a5xooijk5ad2qd.onion,1
monero,http://oa2gg4ythpfy74sxsnshigdi23s5yxfqjs6tye4td3a5xooijk5ad2qd.onion,1
bitcoin,http://4sxc7skyzweituv4ulbg3ed722mtl7lyilkkskqgqxomqf33ykawfwyd.onion/,3
bitcoin,http://underdiriled6lvdfgiw4e5urfofuslnz7ewictzf76h4qb73fxbsxad.onion/,1
monero,http://underdiriled6lvdfgiw4e5urfofuslnz7ewictzf76h4qb73fxbsxad.onion/,1
bitcoin,http://catalogxlotjjnu6vyevngf675vu6beefzxw6gd6a3fwgmgznksrqmqd.onion/catalogs.html,1
bitcoin,http://torch4st4l57l2u2vr5wqwvwyueucvnrao4xajqr2klmcmicrv7ccaad.onion/,1
bitcoin,http://5o4s6gxvrxpojeltpx4gkprws5dnlaw3vpqny6xh5hyfn6n74ywbfjyd.onion/,2
monero,http://5o4s6gxvrxpojeltpx4gkprws5dnlaw3vpqny6xh5hyfn6n74ywbfjyd.onion/,2
bitcoin,http://2mqeepkwhpadzjd6o3iktot4loebjzmbffbvkuq3huiunay7co7vorad.onion/,1
bitcoin,http://gunsiqvaicyzyq7xqm2c3xshl6pjegtxjf3m3ldms2fo52lqvrmvbyyd.onion/,7
monero,http://gunsiqvaicyzyq7xqm2c3xshl6pjegtxjf3m3ldms2fo52lqvrmvbyyd.onion/,1
bitcoin,http://bmixerihswmxwehudg64bvcvb7izuqq7fjiswektn244hau66b3zxxid.onion,12
bitcoin,http://deep6xcucd2o3ubqmuhwxiq37yw3fkroiwt74icyindute5znr2zpuad.onion/,5
ethereum,http://deep6xcucd2o3ubqmuhwxiq37yw3fkroiwt74icyindute5znr2zpuad.onion/,4
litecoin,http://deep6xcucd2o3ubqmuhwxiq37yw3fkroiwt74icyindute5znr2zpuad.onion/,1
bitcoin,http://lzogc3coyafxtfir3u6w7cms6t3zgyldgvwtw7lmq6e5pdfy5vqu57id.onion,1
tether,http://lzogc3coyafxtfir3u6w7cms6t3zgyldgvwtw7lmq6e5pdfy5vqu57id.onion,1
litecoin,http://lzogc3coyafxtfir3u6w7cms6t3zgyldgvwtw7lmq6e5pdfy5vqu57id.onion,2
bitcoin,http://sphmitudrvsrfyoohen5tevwttgtab5tyg2gi245v5b5gbyfsshqchqd.onion/,12
bitcoin,http://2jmbmcflllt72eqhu553bibzho7rigxhqreqstef6zg2iqrv3cj2aaid.onion,2
bitcoin,http://btcqzgkgnku5trg46afd5famwibdt5lb4asypm2wjlsvmotcijd3iyqd.onion,6
bitcoin,http://kimlbw5p3jzaf4p4iyf6lw3f4vwmpzhjhy7ucmy35wf52s7ueidjroyd.onion,1
bitcoin,http://hades2zhljgorcyrb5zc3ifdnjvjicjoxfmxcviq7mm4h477a3wg6fid.onion,2
ethereum,http://hades2zhljgorcyrb5zc3ifdnjvjicjoxfmxcviq7mm4h477a3wg6fid.onion,1
bitcoin,http://hrznstuh7fklpawxt5asormu5plwkqpnymnop4iptalt67ebpu5osiad.onion/,10
ethereum,http://hrznstuh7fklpawxt5asormu5plwkqpnymnop4iptalt67ebpu5osiad.onion/,2
bitcoin,http://4fwj66xe6xa3afnyopa35nnxz2pmcbep6zyjvq43bdlvrynjdz2duiqd.onion,1
bitcoin,http://xyc3fv7mmqhl2ajynjht6hqltea3lndfbv4qas2vblwltfp3cr2yq5ad.onion/,3
bitcoin,http://dark4s5k7jw5zjgkm5wzo3zbvwpwvzi7gqo5kpvzfggtcnzexdu7gsyd.onion/,1
bitcoin,http://ejtgtrocvzxwtlp22sq4nlbv6pl2usoorsqf67oxi7urvlkh5f2y2ryd.onion,4
bitcoin,http://gkty6etv677twf4n7o3ant6t7bdte3ydgphhj4mersjus6lf63opqmqd.onion/,7
ethereum,http://wy5euy7j7zayx6xpgzczqdvidl7dtmrm5bwqzhnhapmwfxhbk4kbklqd.onion,1
bitcoin,http://5o4s6gxvrxpojeltpx4gkprws5dnlaw3vpqny6xh5hyfn6n74ywbfjyd.onion,2
monero,http://5o4s6gxvrxpojeltpx4gkprws5dnlaw3vpqny6xh5hyfn6n74ywbfjyd.onion,2
bitcoin,http://yy72hbvispcyqrbwxzbxrmgfepxlzyu7s5qxxaj63l7nnnw4erhkqiid.onion,2
bitcoin,http://24qbbk6mmrjktsr56inw7e3gzzokyoi7syupkjq6eiua6sdquhbahhad.onion/,2
bitcoin,http://zwf5i7hiwmffq2bl7euedg6y5ydzze3ljiyrjmm7o42vhe7ni56fm7qd.onion/,36
ethereum,http://w64lipuwtztxwjo6pbzhbsw2sm2jolybm6mwtneinssn5ofc2tbv5gad.onion/,3
bitcoin,http://tornode3tnrtzgqwd3vmxdumucddqfd6zk7icu4wzdwxo5c3zn2xqfqd.onion,1
bitcoin,http://www.dds6qkxpwdeubwucdiaord2xgbbeyds25rbsgr73tbfpqpt4a6vjwsyd.onion,1
monero,http://www.dds6qkxpwdeubwucdiaord2xgbbeyds25rbsgr73tbfpqpt4a6vjwsyd.onion,1
bitcoin,http://degrbidppwrpg2dgsuujt56khly4nmxrvzu4llo6p3lfpezwdlo76nad.onion/,1
bitcoin,http://t3qi4hdmvqo752lhyglhyb5ysoutggsdocmkxhuojfn62ntpcyydwmqd.onion/,1
monero,http://t3qi4hdmvqo752lhyglhyb5ysoutggsdocmkxhuojfn62ntpcyydwmqd.onion/,7
bitcoin,http://y22arit74fqnnc2pbieq3wqqvkfub6gnlegx3cl6thclos4f7ya7rvad.onion/,10
bitcoin,http://asapmsp2nsqiyufpnw5bziguahdpxbpyc6jbiss35wgca6ka434w27ad.onion/,6
monero,http://asapmsp2nsqiyufpnw5bziguahdpxbpyc6jbiss35wgca6ka434w27ad.onion/,1
bitcoin,http://4dtwo7g4yjqtiu7sta7icchm3f2aomvfv62xrgn6jc42lm43ut4aydqd.onion/scam-check/,23
bitcoin,http://r2asi3qmkf4me5xrtjbehxde4l6mwgekwjvrpgjztc5w3sp3u73ih6id.onion/,14
bitcoin,http://tastyd2f4zl5ngxyxlcuygxs6dacjamye6qjv6vp66wtenmbo7jwexqd.onion/,10
bitcoin,http://onionspeqkbiu44nc3wuayqmciliadbaproddzqhih6tpsywfpai7syd.onion,1
bitcoin,http://wamoyaeyfxe42mcohxgtaikspdib6zbept24ibdpl7mghmsewgvd4iid.onion/,6
bitcoin,http://adamantim24okpwfr4wxjgsh6vtw4odoiabhsfaqaktnfqzrjrspjuid.onion/,2
ethereum,http://adamantim24okpwfr4wxjgsh6vtw4odoiabhsfaqaktnfqzrjrspjuid.onion/,2
bitcoin,http://bettwxorlijh75rm5utttloqysc7zu6jsfhufdbe3yyuc774h7zytuqd.onion/,2
ethereum,http://bettwxorlijh75rm5utttloqysc7zu6jsfhufdbe3yyuc774h7zytuqd.onion/,1
litecoin,http://bettwxorlijh75rm5utttloqysc7zu6jsfhufdbe3yyuc774h7zytuqd.onion/,1
bitcoin,http://shopcardluzn4zu3gf5gjezfqiukcjeg7b26thi7nytobul2ss64kyid.onion,13
bitcoin,http://imzcxx5a3xwrp3yaorwsuuqhhat3zxw3hqiyn3z2frgtaflhdbt5omad.onion/,5
ethereum,http://imzcxx5a3xwrp3yaorwsuuqhhat3zxw3hqiyn3z2frgtaflhdbt5omad.onion/,3
litecoin,http://imzcxx5a3xwrp3yaorwsuuqhhat3zxw3hqiyn3z2frgtaflhdbt5omad.onion/,4
bitcoin,http://265afzheuc4hplzqmdtzxb37t25hglursj3kf7mjpoyazvnnszrtb5ad.onion,1
bitcoin,http://music55ibdix7xv7pisrhkk33z3oqm3zq54yw6tajqqbapmepc4bykqd.onion/,3
bitcoin,http://deep2v63hwfsupagnmzxyal6jxhtcxdennvcsekkji7qqic4jmjcj3yd.onion,4
bitcoin,http://vmnalmrauqbcsdatbadpa6fajjtfs2kuhzd63ppyuu22g6kya5zu64qd.onion,2
bitcoin,http://escrow4ywsfqnccvrikzdkk7dky35inn7uxb3qhid5uvcklsocwdvhid.onion,1
bitcoin,http://ybybq6i4zbstywk6xfxijnw4puoapjlqt7inisk3sgmaikkk6hnqo3id.onion,20
monero,http://ybybq6i4zbstywk6xfxijnw4puoapjlqt7inisk3sgmaikkk6hnqo3id.onion,1
bitcoin,http://wiki6dtqpuvwtc5hopuj33eeavwa6sik7sy57cor35chkx5nrbmmolqd.onion/,13
monero,http://wiki6dtqpuvwtc5hopuj33eeavwa6sik7sy57cor35chkx5nrbmmolqd.onion/,7
bitcoin,http://k7dyt6gcr7bvytefr2uksfbumtpyiiolih55i4hzvvxdfl6rrndrarid.onion,1
ethereum,http://k7dyt6gcr7bvytefr2uksfbumtpyiiolih55i4hzvvxdfl6rrndrarid.onion,1
litecoin,http://k7dyt6gcr7bvytefr2uksfbumtpyiiolih55i4hzvvxdfl6rrndrarid.onion,1
bitcoin,http://vb2n6ypxnbvss72rdt63bcxvicyqd2jnj3g5wsihnhspxwh2jsrbt4ad.onion,3
bitcoin,http://uge64izcjdxbew6hfavpblgdrzqep3emrp5xydsly5glqbxogvxbfwid.onion/,67
bitcoin,http://h56izbbvplxoedu7rnqyzgqkkxrriqhoq6kl4g3xx2mjwauxdpyuhlqd.onion,1
bitcoin,http://n662gno3tialzlukd6mpbz7xxclznmvnzs5jvpxrlqushkh3ejwjzlqd.onion/,1
bitcoin,http://bitcoje75k4cmthxokfhqp72evmdcn6yxval7hztxocv7z3lzii4naad.onion/,47
ethereum,http://bitcoje75k4cmthxokfhqp72evmdcn6yxval7hztxocv7z3lzii4naad.onion/,1
bitcoin,http://iqoay535nt3ailivurbsbcv22wojdqtn5yb5bb3tgekgp3gdosilpqad.onion,2
bitcoin,http://torscamismihh6gxwzf4wmbnosvzfzs546tlvgj5macmi2evtfxh5nid.onion/,1
bitcoin,http://5cnf6sav4zzjup264l65a744jj7idup275mmgb54gizswy6jifv6ekqd.onion/,4
monero,http://5cnf6sav4zzjup264l65a744jj7idup275mmgb54gizswy6jifv6ekqd.onion/,1
ethereum,http://5cnf6sav4zzjup264l65a744jj7idup275mmgb54gizswy6jifv6ekqd.onion/,2
litecoin,http://5cnf6sav4zzjup264l65a744jj7idup275mmgb54gizswy6jifv6ekqd.onion/,1
bitcoin,http://fgkat66twl7s7eshw32dqcjneqaxre2gtbq2omen332pg6n4fr5464ad.onion/,10
bitcoin,http://btcw3wabdz3zmt7f6k37k7km5ll6gom2kwf5hxpzd7djuqrhsdhtodqd.onion,46
bitcoin,http://torlicwzovbn3bfocqjo2lk33464u75qy4lyrxqj72ceia3pcpaqoiqd.onion,1
bitcoin,http://trustbvw3a65rgtvz3o2pbi74rw4oh5aztny3wsafb5ee6veucwkkrqd.onion/,3
ethereum,http://7nroowrqwdgbyajwrynxtypkdi46f22akwki73etfu2wwmra3ytdhoyd.onion,3
bitcoin,http://rw6dbj2efldwrrak6xeuc7j33k74toa2mvhghkzzmkh7dxiu7ixcadad.onion/,9
bitcoin,http://rmoneyq6xjku2o4rcfca3o4fdyxx4vkplz5tvjswgcpuhz2sni2e3ayd.onion/,5
bitcoin,http://tornode3tnrtzgqwd3vmxdumucddqfd6zk7icu4wzdwxo5c3zn2xqfqd.onion/,1
bitcoin,http://2ndhandhihws23rmd7ubakgxutp5ixddx6sbnehhmj4i2c6er4l7o4qd.onion,7
monero,http://2ndhandhihws23rmd7ubakgxutp5ixddx6sbnehhmj4i2c6er4l7o4qd.onion,1
bitcoin,http://catalogxlotjjnu6vyevngf675vu6beefzxw6gd6a3fwgmgznksrqmqd.onion/paypal.html,2
bitcoin,http://n3irlpzwkcmfochhuswpcrg35z7bzqtaoffqecomrx57n3rd5jc72byd.onion/,6
bitcoin,http://apple2dcve46str6ogmf4sqzppqgjwrqaadcljz3lq6n3egim33zqpid.onion/,4
monero,http://apple2dcve46str6ogmf4sqzppqgjwrqaadcljz3lq6n3egim33zqpid.onion/,3
bitcoin,http://dds6qkxpwdeubwucdiaord2xgbbeyds25rbsgr73tbfpqpt4a6vjwsyd.onion/,1
monero,http://dds6qkxpwdeubwucdiaord2xgbbeyds25rbsgr73tbfpqpt4a6vjwsyd.onion/,1
bitcoin,http://rbj2tpcaeefxnmpfewlm7prkeaufogya2omw47znk3grnk3h7nhw2vad.onion/,9
bitcoin,http://darkn5g756epq6t6fkqdo3mvkxlvwjtgabsbh3x47yhqg3uguiy5z5yd.onion/,2
monero,http://darkn5g756epq6t6fkqdo3mvkxlvwjtgabsbh3x47yhqg3uguiy5z5yd.onion/,1
ethereum,http://darkn5g756epq6t6fkqdo3mvkxlvwjtgabsbh3x47yhqg3uguiy5z5yd.onion/,1
bitcoin,http://bd7uqvma4x3qfzwpa6pkrgdvtthd5hd2j4qdcvhb2fmpwuen5tdnrmqd.onion/how-to-order/,10
bitcoin,http://pzynlk7pwqodhprn7ws24v3uuvvduwgojmqpplptmp4gz3dowu4fbuyd.onion/,1
bitcoin,http://whje5cahjivo6s4ox36xrpea5gavgd45uekgaxlkocjlcxcwkedn2lad.onion/,67
bitcoin,http://l3uj223mi56utherkykiqorzzvjwejkr3imu4ym34bxgig2u3liudiad.onion/,1
bitcoin,http://btcw3wabdz3zmt7f6k37k7km5ll6gom2kwf5hxpzd7djuqrhsdhtodqd.onion/,46
ethereum,http://vww6ybal4bd7szmgncyruucpgfkqahzddi37ktceo3ah7ngmcopnpyyd.onion/,1
bitcoin,http://hanf4u6men5b2ral2uxez2ut2aqgjfye6ovsq77wacso5xsqewel42qd.onion,1
monero,http://hanf4u6men5b2ral2uxez2ut2aqgjfye6ovsq77wacso5xsqewel42qd.onion,1
bitcoin,http://bizz4kwy566gxae32fkjybarded4caeqatyj4jvoxpkrx3wrzrq77yad.onion,1
bitcoin,http://vxmua4uvg7vp5ssnvx5gexrr2nxso3wwvjwagdub67vcombj4kf4i4qd.onion/,1
ethereum,http://vxmua4uvg7vp5ssnvx5gexrr2nxso3wwvjwagdub67vcombj4kf4i4qd.onion/,1
litecoin,http://vxmua4uvg7vp5ssnvx5gexrr2nxso3wwvjwagdub67vcombj4kf4i4qd.onion/,1
bitcoin,http://gkty6etv677twf4n7o3ant6t7bdte3ydgphhj4mersjus6lf63opqmqd.onion,7
bitcoin,http://allbitszswfelty4up43px3ifjc2uyq4l5cg4pn762n53fhv5dkdx4yd.onion/,38
ethereum,http://allbitszswfelty4up43px3ifjc2uyq4l5cg4pn762n53fhv5dkdx4yd.onion/,4
tether,http://allbitszswfelty4up43px3ifjc2uyq4l5cg4pn762n53fhv5dkdx4yd.onion/,2
litecoin,http://allbitszswfelty4up43px3ifjc2uyq4l5cg4pn762n53fhv5dkdx4yd.onion/,1
bitcoin,http://catalogpwwlccc5nyp3m3xng6pdx3rdcknul57x6raxwf4enpw3nymqd.onion,5
bitcoin,http://catalogxlotjjnu6vyevngf675vu6beefzxw6gd6a3fwgmgznksrqmqd.onion/shops.html,4
monero,http://catalogxlotjjnu6vyevngf675vu6beefzxw6gd6a3fwgmgznksrqmqd.onion/shops.html,1
ethereum,http://catalogxlotjjnu6vyevngf675vu6beefzxw6gd6a3fwgmgznksrqmqd.onion/shops.html,1
bitcoin,http://mega55536jajpqwiu2vkbrjuwwwqopscsa7tnuuwoqfpouknzqsaiwyd.onion/,1
monero,http://mega55536jajpqwiu2vkbrjuwwwqopscsa7tnuuwoqfpouknzqsaiwyd.onion/,1
bitcoin,http://bithacklfxiag2kysa7inceduv3eijqmcbms26w25cmgwuwga4ucbaqd.onion/,3
bitcoin,http://vtgk7uzp7v2ba2wiv2m5diuklzszgcparux5cjxvjlt5mqaoehwjqxad.onion,1
bitcoin,http://75yhm4ndm27a3av6mv2v5nuuaa6wtbt6dweljgn5ydbkentk2etraead.onion/,140
bitcoin,http://m2lxryy2gypdivd72dgqrcubdc6saeqmsgor73nvqil5plbb7fylxmid.onion/,1
bitcoin,http://catalogxlotjjnu6vyevngf675vu6beefzxw6gd6a3fwgmgznksrqmqd.onion/latest.html,8
ethereum,http://catalogxlotjjnu6vyevngf675vu6beefzxw6gd6a3fwgmgznksrqmqd.onion/latest.html,1
bitcoin,http://richiqqd4ir5frqczplhuqtco4utzdwyn4btlpm4m7f6es64l6ysgiid.onion/,10
ethereum,http://richiqqd4ir5frqczplhuqtco4utzdwyn4btlpm4m7f6es64l6ysgiid.onion/,2
bitcoin,http://5pih74lw63f4vykj7ki3pq445c5gbagzcdrwyatn5ezzhzmfbt5wqgqd.onion/,17
bitcoin,http://btcgenj2x4ur4fwxu4k2u53e3ecr5d6q4rxeksg7xqaksmfrayjmiyad.onion,289
bitcoin,http://paypaltl3i6h7jplqpvwyxa3iznzjm343iskt76bimntyci2255ifeqd.onion,3
bitcoin,http://t3g5mz7kgivhgzua64vxmu7ieyyoyzgd423itqjortjhh64lcvspyayd.onion,9
bitcoin,http://kgl5rmojw3kcnvqpvf4irdxow2izb2ttjbqb55yozwjxyz4wphssvlid.onion/,4
bitcoin,http://mega555cv5yfoi4oxlewwxkltqnlwk2gbg4ufmyghqi3lcce5pqvd5ad.onion/,1
monero,http://mega555cv5yfoi4oxlewwxkltqnlwk2gbg4ufmyghqi3lcce5pqvd5ad.onion/,1
bitcoin,http://s3h3i7k7435wtub52hphm25vfbgaaxzsw7o2fc7aef3uw65ciskpt5ad.onion,2
bitcoin,http://7ipmsg4ym4izwpnbqj3ntbzqvsn56wuzvv3axunf6xsdvarqa7glfeyd.onion,1
ethereum,http://7ipmsg4ym4izwpnbqj3ntbzqvsn56wuzvv3axunf6xsdvarqa7glfeyd.onion,1
tether,http://7ipmsg4ym4izwpnbqj3ntbzqvsn56wuzvv3axunf6xsdvarqa7glfeyd.onion,1
bitcoin,http://shonionc5uxvyq4f5pwxsz3iseur3chvwgcpxqoqi2oqqmaksww75qyd.onion/,1
bitcoin,http://zcls7gomydvklycgjutyode4dgmq76j75qwe6atzsjej3r6vtgzzblqd.onion,1
bitcoin,http://bfbzii56g2brpsg3a6hng45noo4lnby3ux5sgvpd53dyzpu3cre35ryd.onion,2
bitcoin,http://2r7wa5og3ly4umqhmmqqytae6bufl5ql5kz7sorndpqtrkc2ri7tohad.onion/,1
ethereum,http://2r7wa5og3ly4umqhmmqqytae6bufl5ql5kz7sorndpqtrkc2ri7tohad.onion/,4
bitcoin,http://kz3krtlw4uz3ibeoyd5ilos5jfey3nvtcscndb4rq2ud6k5p22i37hqd.onion,10
bitcoin,http://nnhditqploemi2oivjqnj2codrksqe26tfbh67c52tuk4h53ekeq6bid.onion,24
bitcoin,http://2a2a2abbjsjcjwfuozip6idfxsxyowoi3ajqyehqzfqyxezhacur7oyd.onion/?product_cat=drugs,29
bitcoin,http://catalogxlotjjnu6vyevngf675vu6beefzxw6gd6a3fwgmgznksrqmqd.onion/email.html,1
bitcoin,http://s4k4ceiapwwgcm3mkb6e4diqecpo7kvdnfr5gg7sph7jjppqkvwwqtyd.onion/,10
bitcoin,http://cv3p4nnx24v3huy7hxculoydhbq5mbuabo7fkunl5gr474pyfbwy44yd.onion,1
bitcoin,http://paypaltl3i6h7jplqpvwyxa3iznzjm343iskt76bimntyci2255ifeqd.onion/,3
bitcoin,http://m3xlvscxxapjgposr7rgoip7asypyib77xylfvmbqfb6xbrp4agv5wid.onion,5
bitcoin,http://gtl3bpvdnzijqmna2sd25ktixabzt7pval6fpkd2ur6vpov52zzv74yd.onion/,4
monero,http://waq4sg6immrpmwckibfc7wftaaczbv3ojorphfkwilbugtljnadf5jad.onion/p/hackersforce-team,1
bitcoin,http://xgnj3bjqmwcok622jpsum7wuumxfamoczlq5lztf3bhsyc4tm4dogsid.onion/,3
bitcoin,http://7mcassw7qxtzqdahjh3l6spcgyrd3ge4xbdvqwgziwafkucaxgf4rmid.onion/,35
monero,http://7mcassw7qxtzqdahjh3l6spcgyrd3ge4xbdvqwgziwafkucaxgf4rmid.onion/,1
bitcoin,http://57j4bp6nabycnbansvkg5az6oztajpntpht7jhhnvtp4tmgtgjim5lqd.onion/,1
bitcoin,http://engwzaz6zvccpy2hnauyikvj6vw7ehnykzckpxssjm4kioophx47z2yd.onion/,2
ethereum,http://brdwkez4zsoqdgmasrgqa2q7hw6fhem4xc6efhzjp62lfyngtz4wjqid.onion/,2
ethereum,http://efcyaq34yqsj5bl2m5v4htefa26lnicbs4wjz2jhmtoffamdjeomtzad.onion/,2
bitcoin,http://torchdeedp3i2jigzjdmfpn5ttjhthh5wbmda2rr3jvqjg5p77c54dqd.onion/,1
bitcoin,http://kg6hfeb3hmdulhsjk57yrlyvqgyf6bxqpcya25kpofc2nskgo2rwc4id.onion,12
monero,http://kg6hfeb3hmdulhsjk57yrlyvqgyf6bxqpcya25kpofc2nskgo2rwc4id.onion,1
bitcoin,http://rihi5wkdm7adljwokbdf4lxzc67u3aamftpks2txnscw7uzislhyeyyd.onion/,25
bitcoin,http://paddleboa7epenal5nep26h6gznre3ihrjzh5wxxb3r7g4se7oeh5cad.onion/,4
bitcoin,http://z4odvem6bfypjqmwhsgtdaqtkkwgbxhe63dzq2lpnrmnmb6bgoafirad.onion,4
bitcoin,http://jaz45aabn5vkemy4jkg4mi4syheisqn2wn2n4fsuitpccdackjwxplad.onion/,10
bitcoin,http://catalogxlotjjnu6vyevngf675vu6beefzxw6gd6a3fwgmgznksrqmqd.onion/,12
ethereum,http://catalogxlotjjnu6vyevngf675vu6beefzxw6gd6a3fwgmgznksrqmqd.onion/,1
bitcoin,http://secregpbbl2lww2l35wiozrwwaxn2aloqtbzfraa5jwu7mslwhwgemad.onion/,1
bitcoin,http://sn2sfdqay6cxztroslaxa36covrhoowe6a5xug6wlm6ek7nmeiujgvad.onion/,1
monero,http://sn2sfdqay6cxztroslaxa36covrhoowe6a5xug6wlm6ek7nmeiujgvad.onion/,1
bitcoin,http://dp4r66psyclibnyyxc5cgalcuyzu5bk4elpjindsthqbpvawro6izxqd.onion/,5
monero,http://safeonu4c4xme2kzhuaer4ucm7enrjv23oznzwkz4d4f2wm7cc4ucuid.onion/,1
bitcoin,http://trustmdcgf2rfkrlggejpyyjhvc7o47yj2qrixf4lkobns55jumy5gyd.onion,1
bitcoin,http://best2fo7w7denipp46ok3okzexm53r4s4szzj24qrfarowfpziqpe3yd.onion,1
ethereum,http://best2fo7w7denipp46ok3okzexm53r4s4szzj24qrfarowfpziqpe3yd.onion,1
tether,http://best2fo7w7denipp46ok3okzexm53r4s4szzj24qrfarowfpziqpe3yd.onion,1
litecoin,http://best2fo7w7denipp46ok3okzexm53r4s4szzj24qrfarowfpziqpe3yd.onion,1
bitcoin,http://h5uaears3fnvfyhikmcueccfxahudr5ecji22xghzxc3uvvpxzfwghid.onion,6
bitcoin,http://ypjmfdifrhoxpoks5vaqeabvre2cndhlck2ou4du32gpllqet2x6ikyd.onion/,2
ethereum,http://ypjmfdifrhoxpoks5vaqeabvre2cndhlck2ou4du32gpllqet2x6ikyd.onion/,1
tether,http://ypjmfdifrhoxpoks5vaqeabvre2cndhlck2ou4du32gpllqet2x6ikyd.onion/,1
litecoin,http://ypjmfdifrhoxpoks5vaqeabvre2cndhlck2ou4du32gpllqet2x6ikyd.onion/,1
bitcoin,http://ig2ioz6j2vpcmz27nlqmfdrscijqeqnjv6ku3pkpte7pm53gxeal5hqd.onion,1
bitcoin,http://applmdkj5eycturjwytex42no5cef7k7ozrezaaumon7o2arwiwf4sqd.onion/,27
bitcoin,http://cardedst25xym6lf5sih3ikzs4hcjycntny5fbm3gq6fyvndwwlpvsqd.onion/,6
bitcoin,http://za5ofm5v55a4thx4urlpxwo677zr42l5gj26mcd7hvkmemkdblq4a6qd.onion/,11
bitcoin,http://hmuidcgzsjlcsxe6rdluskevjtgynhupixpb7g5czmjpuftlhrl42bid.onion/,1
monero,http://hmuidcgzsjlcsxe6rdluskevjtgynhupixpb7g5czmjpuftlhrl42bid.onion/,1
bitcoin,http://h56izbbvplxoedu7rnqyzgqkkxrriqhoq6kl4g3xx2mjwauxdpyuhlqd.onion/,1
ethereum,http://lkbp4mwcptpce6ywqqxfcpyxnevgrap7m5c53jbn6a6jzxt5quwja2ad.onion,3
bitcoin,http://darkwebentyk2elhhh6okholnrookap7zfbun2is7ouspzxcpkqjxxad.onion/,15
bitcoin,http://docuy2acomn6bilcx2qm4gvc4l6s2q5vtyyg6m2uxv64jm4fo6gb7zid.onion/,32
monero,http://docuy2acomn6bilcx2qm4gvc4l6s2q5vtyyg6m2uxv64jm4fo6gb7zid.onion/,1
ethereum,http://docuy2acomn6bilcx2qm4gvc4l6s2q5vtyyg6m2uxv64jm4fo6gb7zid.onion/,1
zcash,http://docuy2acomn6bilcx2qm4gvc4l6s2q5vtyyg6m2uxv64jm4fo6gb7zid.onion/,1
bitcoin,http://h5uaears3fnvfyhikmcueccfxahudr5ecji22xghzxc3uvvpxzfwghid.onion/,6
bitcoin,http://wallet2p25nr7pxvvkivm4j67us3hsb3admorpwjhqwpz3vljcqqb6yd.onion/,2
ethereum,http://wallet2p25nr7pxvvkivm4j67us3hsb3admorpwjhqwpz3vljcqqb6yd.onion/,1
bitcoin,http://s64em2dr7vhccsgaubvzou4jrxqs3baq3d3bytoira6sugrfj3k4fsad.onion,58
ethereum,http://s64em2dr7vhccsgaubvzou4jrxqs3baq3d3bytoira6sugrfj3k4fsad.onion,1
litecoin,http://s64em2dr7vhccsgaubvzou4jrxqs3baq3d3bytoira6sugrfj3k4fsad.onion,2
bitcoin,http://danielas3rtn54uwmofdo3x2bsdifr47huasnmbgqzfrec5ubupvtpid.onion/,1
monero,http://danielas3rtn54uwmofdo3x2bsdifr47huasnmbgqzfrec5ubupvtpid.onion/,1
bitcoin,http://spore64i5sofqlfz5gq2ju4msgzojjwifls7rok2cti624zyq3fcelad.onion/,9
monero,http://spore64i5sofqlfz5gq2ju4msgzojjwifls7rok2cti624zyq3fcelad.onion/,4
bitcoin,http://btcgnu6zhrpsxdthaxpzbpsciipczigwcskk5hjmq3zja5zrp6ejbiyd.onion,47
ethereum,http://btcgnu6zhrpsxdthaxpzbpsciipczigwcskk5hjmq3zja5zrp6ejbiyd.onion,1
bitcoin,http://muaw5mpgden7ubj55ettmdh6vmk3kpob5lyd2t47ius2lom3bltgs5qd.onion/,5
monero,http://muaw5mpgden7ubj55ettmdh6vmk3kpob5lyd2t47ius2lom3bltgs5qd.onion/,1
bitcoin,http://toponiibv4eo4pctlszgavni5ajzg7uvkd7e2xslkjmtcfqesjlsqpid.onion/,6
bitcoin,http://bgypxw5eofvg2to4i2gsxb5dbnj6e6cisab47i2dhdvlevkd7crcaeqd.onion,4
bitcoin,http://darkoxfbjibhbb65wtvdnjygyi46a4xrjcakqkrzuw7ch6o7xgxhxmid.onion,9
bitcoin,http://bizz4kwy566gxae32fkjybarded4caeqatyj4jvoxpkrx3wrzrq77yad.onion/iHack.html,1
bitcoin,http://7sr2vzlitrobv4haeifjc76puu57bq27vpvlzqnsfwe26zdorsbernad.onion,2
ethereum,http://7sr2vzlitrobv4haeifjc76puu57bq27vpvlzqnsfwe26zdorsbernad.onion,1
bitcoin,http://trustilg6savttwibzy7yidqgjpombxdnptutqxex6n7tsjb3rzjgjid.onion/,7
monero,http://trustilg6savttwibzy7yidqgjpombxdnptutqxex6n7tsjb3rzjgjid.onion/,2
bitcoin,http://5pih74lw63f4vykj7ki3pq445c5gbagzcdrwyatn5ezzhzmfbt5wqgqd.onion,17
bitcoin,http://eflohoqmbewenw2vryusuvmglx75eamrluixbkuydljho47vor23o7id.onion/,2
bitcoin,http://3s5bl2afh3zz2rxi5cm244irnoep6iyj2cauk7by56rgbcb36es5hvqd.onion,2
bitcoin,http://kdnzaxon4by6723mgmqmzjoscqwz4qnh4udivfoprdnydbzlg2ed2uqd.onion/,3
bitcoin,http://hztsln4fi3udznlinmxnbwdey6lbehn4sinqa6ltbu4crxgqnlzdqoid.onion,1
ethereum,http://kvmwil3i5rnqp5kuaxwsw3gmjz7qn6x2otrlzhtaznfeujry4fd5jeid.onion,6
bitcoin,http://sjcww3d5safyrcwmd6vsjcp4nezcijhiroa3a2lybo235zfej6n6zpqd.onion/,2
ethereum,http://sjcww3d5safyrcwmd6vsjcp4nezcijhiroa3a2lybo235zfej6n6zpqd.onion/,1
bitcoin,http://a2hxdbngjw2zo3svob4xeutf6f4z4rr6iloe7lp3uqhdzsncjdbvj5yd.onion/,3
bitcoin,http://hqfld5smkr4b4xrjcco7zotvoqhuuoehjdvoin755iytmpk4sm7cbwad.onion/,7
bitcoin,http://srcdemonm74icqjvejew6fprssuolyoc2usjdwflevbdpqoetw4x3ead.onion,1
bitcoin,http://ark.goodgamell762ckqk376pqtg7ltdhgtvsvk32m7im2v5ntd3o33ylbqd.onion/en,3
bitcoin,http://ak47biwqhn2q7fonbxv4ndgfse5p54v3niadel5aqp2fez3ebmy2p6qd.onion/Firearms72.html,15
bitcoin,http://onionamev33r7w4zckyttobq3vrt725iuyr6xessihxifhxrhupixqad.onion,2
bitcoin,http://catalogxlotjjnu6vyevngf675vu6beefzxw6gd6a3fwgmgznksrqmqd.onion/featured.html,5
ethereum,http://catalogxlotjjnu6vyevngf675vu6beefzxw6gd6a3fwgmgznksrqmqd.onion/featured.html,1
bitcoin,http://p7gettng6fudmj4gowkl6pnsvbqw3mo44pzwjyxaqo5hjpnonf457qad.onion/,11
bitcoin,http://vfhn3vzvvh767fcu5l66kywdua62t5fwqjr2zrakiaq7b5hmkrb7riid.onion/,2
bitcoin,http://torlinkuqd6ntr57y35m53pitu3qzfdbmhpkqmzn7yunzuwzrxjpmmyd.onion/,1
bitcoin,http://i4niz4z3nhqd2j2tl4iqzjyf3k543wljhzrqyv34r7hqmpbmlisaohqd.onion/,2
ethereum,http://i4niz4z3nhqd2j2tl4iqzjyf3k543wljhzrqyv34r7hqmpbmlisaohqd.onion/,1
monero,http://xmrguide25ibknxgaray5rqksrclddxqku3ggdcnzg4ogdi5qkdkd2yd.onion/,4
bitcoin,http://dw3ihrcs7ord7x6nxbsmjydttkauoc4i367gzzpr3csksuimf5hbjlid.onion,8
bitcoin,http://ua26qpnyesht2c5znwqlflme72fq3cvncfyij4jsjc4pqtheccn3z7yd.onion,1
bitcoin,http://hell2ker5i3xsy6szrl2pulaqo3jhcz6pt7ffdxtuqjqiycvmlkcddqd.onion/,1
monero,http://hell2ker5i3xsy6szrl2pulaqo3jhcz6pt7ffdxtuqjqiycvmlkcddqd.onion/,1
bitcoin,http://geue766hxjl5lcwpksxywpxolidieauask4klnw5xxvwojiw6n7zkxqd.onion,7
bitcoin,http://dark3xolguutzr2cn5twjyu6c3db2z3ai3aqyqascml5cdrleh3s2hqd.onion/,1
bitcoin,http://dreadytofatroptsdj6io7l3xptbet6onoyno2yv7jicoxknyazubrad.onion/,1
bitcoin,http://g6xaeaw54fpjuhzaqmibkbu62fl5chhglkdjjscrcr6bjypjdof7v6yd.onion/,36
bitcoin,http://b6c6abenz7rmfblqib3cbdy7nzcfjwtcpmqx6pa5rhrd5fjdjn4g2mid.onion/,1
bitcoin,http://bitsalefptdmpy6gk4yuixyndavuabmlgdmw6bmvrnzlx5bjhnwpohqd.onion,6
bitcoin,http://wlbbt7tuwu37o4k7ged6yggar66xoya7yspmj5fpx4aghf7ajt57s6yd.onion,4
bitcoin,http://bizz4kwy566gxae32fkjybarded4caeqatyj4jvoxpkrx3wrzrq77yad.onion/Recover.html,4
bitcoin,http://wth474sv6ct4glwiowjipvr6ydeg6tbxlenxqibe5vno7ivmeqlumnid.onion/,57
ethereum,http://wth474sv6ct4glwiowjipvr6ydeg6tbxlenxqibe5vno7ivmeqlumnid.onion/,41
tether,http://wth474sv6ct4glwiowjipvr6ydeg6tbxlenxqibe5vno7ivmeqlumnid.onion/,39
litecoin,http://wth474sv6ct4glwiowjipvr6ydeg6tbxlenxqibe5vno7ivmeqlumnid.onion/,41
bitcoin,http://i7fmgrwpo4x2zllovclnwh5u2jt5lc5abomvqovqiqnusk7lf3lu5eyd.onion/,5
bitcoin,http://wiki2zkamfya6mnyvk4aom4yjyi2kwsz7et3e4wnikcrypqv63rsskid.onion,26
monero,http://wiki2zkamfya6mnyvk4aom4yjyi2kwsz7et3e4wnikcrypqv63rsskid.onion,1
bitcoin,http://core2obj6xeeiydw6qgyajqzmt57cna2gtzs4ncjtx37mbu75osldryd.onion/,3
bitcoin,http://wbkafhuzuygk3if3fyb6oo3znqehahj4t7wg2uxlqiqwfllp7p66acid.onion,1
bitcoin,http://amnesia7u5odx5xbwtpnqk3edybgud5bmiagu75bnqx2crntw5kry7ad.onion/donate.txt,1
monero,http://amnesia7u5odx5xbwtpnqk3edybgud5bmiagu75bnqx2crntw5kry7ad.onion/donate.txt,1
bitcoin,http://nexusxg6rr5e2ue6gdjo6oassw36lsx5cx6y3r5ojneo53kynv3rqgyd.onion,8
monero,http://nexusxg6rr5e2ue6gdjo6oassw36lsx5cx6y3r5ojneo53kynv3rqgyd.onion,2
bitcoin,http://hackedabm6ejvmh7xiiqdq3ptflorhdvjurhheqbovlu64xi3zbrlpad.onion,4
bitcoin,http://wsso6w3bwzmglj75llio73wvo3qwnos62upjdrzou4qj72bued4g6cad.onion/,5
bitcoin,http://fwmslugov6f4p2ukytwu7aakb6uk37j273wbdi5f3exx6eigyza5anad.onion,4
bitcoin,http://tx5wikmgcexyuuellvi3b7no6sg3g7dm5hjrssidb3ecugqd7cq4n5id.onion,14
bitcoin,http://ojmaexxfi2d4xqp3aiubvftexo7lwwakb4sfkchlcgkguwasufmbstad.onion,16
bitcoin,http://piratebayo3klnzokct3wt5yyxb2vpebbuyjl7m623iaxmqhsd52coid.onion,1
monero,http://piratebayo3klnzokct3wt5yyxb2vpebbuyjl7m623iaxmqhsd52coid.onion,1
ethereum,http://piratebayo3klnzokct3wt5yyxb2vpebbuyjl7m623iaxmqhsd52coid.onion,1
litecoin,http://piratebayo3klnzokct3wt5yyxb2vpebbuyjl7m623iaxmqhsd52coid.onion,1
bitcoin,http://uo57sqpw4h3g3y3w2j346vxidgcv2iwfaxeyt3ww3tzkj2i5k7a5tpqd.onion/,3
monero,http://uo57sqpw4h3g3y3w2j346vxidgcv2iwfaxeyt3ww3tzkj2i5k7a5tpqd.onion/,2
bitcoin,http://vxmua4uvg7vp5ssnvx5gexrr2nxso3wwvjwagdub67vcombj4kf4i4qd.onion,1
ethereum,http://vxmua4uvg7vp5ssnvx5gexrr2nxso3wwvjwagdub67vcombj4kf4i4qd.onion,1
litecoin,http://vxmua4uvg7vp5ssnvx5gexrr2nxso3wwvjwagdub67vcombj4kf4i4qd.onion,1
bitcoin,http://izfefywxx4pirgexwmtp4ckibum7htanmzmnssw4upm6lbrknzyaodid.onion,4
bitcoin,http://onioni4rod4hviftiyxgrkjs4xuhbqxnjlvmiyztq4vo7h2464ix3lyd.onion/,15
monero,http://onioni4rod4hviftiyxgrkjs4xuhbqxnjlvmiyztq4vo7h2464ix3lyd.onion/,9
litecoin,http://onioni4rod4hviftiyxgrkjs4xuhbqxnjlvmiyztq4vo7h2464ix3lyd.onion/,1
